L2Y1_SCHID,L2Y1_REG,L2Y1_SCHSIZE,L2Y1_SCHTYPE,L2Y1DB1_1,L2Y1DB1_1_1,L2Y1DB1_1_2,L2Y1DB1_2,L2Y1DB1_3_1A,L2Y1DB1_3_1B,L2Y1DB1_3_1C,L2Y1DB1_3_1D,L2Y1DB1_3_2A,L2Y1DB1_3_2B,L2Y1DB1_3_3A,L2Y1DB1_3_3B,L2Y1DB1_4_1,L2Y1DB1_4_2,L2Y1DB1_4_3,L2Y1DB1_5_1,L2Y1DB1_5_2,L2Y1DB1_6_1A,L2Y1DB1_6_1B,L2Y1DB1_6_2A,L2Y1DB1_6_2B,L2Y1DB1_6_3A,L2Y1DB1_6_3B,L2Y1DB1_6_4A,L2Y1DB1_6_4B,L2Y1DB1_6_5A,L2Y1DB1_6_5B,L2Y1DB1_6_6A,L2Y1DB1_6_6B,L2Y1DB1_6_7A,L2Y1DB1_6_7B,L2Y1DB1_6_8A,L2Y1DB1_6_8B,L2Y1DB1_6_9A,L2Y1DB1_6_9B,L2Y1DB1_7,L2Y1DB2_1,L2Y1DB2_1_1,L2Y1DB2_1_2,L2Y1DB2_1_3,L2Y1DB2_1_4,L2Y1DB2_1_5,L2Y1DB2_1_6,L2Y1DB2_2,L2Y1DB2_2_M,L2Y1DB2_2_F,L2Y1DB2_2_1,L2Y1DB2_2_1M,L2Y1DB2_2_1F,L2Y1DB2_2_2,L2Y1DB2_2_2M,L2Y1DB2_2_2F,L2Y1DB2_2_3,L2Y1DB2_2_3M,L2Y1DB2_2_3F,L2Y1DB2_2_4,L2Y1DB2_2_4M,L2Y1DB2_2_4F,L2Y1DB2_2_5,L2Y1DB2_2_5M,L2Y1DB2_2_5F,L2Y1DB2_2_6,L2Y1DB2_2_6M,L2Y1DB2_2_6F,L2Y1DB2_3_1,L2Y1DB2_3_2,L2Y1DB2_4,L2Y1DB2_4_1,L2Y1DB2_4_1_1,L2Y1DB2_4_1_2,L2Y1DB2_4_2,L2Y1DB2_4_3,L2Y1DB3_1,L2Y1DB3_1_1,L2Y1DB3_1_2,L2Y1DB3_2,L2Y1DB3_3,L2Y1DB3_4,L2Y1DB3_5,L2Y1DB3_6,L2Y1DB3_7_1,L2Y1DB3_7_2,L2Y1DB3_7_3,L2Y1DB4_1,L2Y1DB4_1M,L2Y1DB4_1F,L2Y1DB4_2,L2Y1DB4_3,L2Y1DB4_4_1,L2Y1DB4_4_2,L2Y1DB4_4_3,L2Y1DB4_4_4,L2Y1DB4_4_5,L2Y1DB4_5,L2Y1DB4_5M,L2Y1DB4_5F,L2Y1DB4_6,L2Y1DB5_1,L2Y1DB5_2,L2Y1DB5_3,L2Y1DB5_4
1001,1,1,1,16346,11546,4800,14724,30,2720,99,5280,3,6724,119,6600,1,17490,50,80,106,47,3267,25,1683,13,1061,2,898,41,673,1,700,0,0,3,170,0,6272,39,39,6,6,5,6,7,9,850,429,421,115,59,56,101,50,51,119,61,58,150,87,63,165,80,85,200,92,108,21,5,235,235,235,0,0,0,4,4,0,0,0,0,47,40,4,0,0,60,8,52,17.71,43.23,0,0,47,12,1,1,0,1,6,1,1,59,36.06
1002,1,1,1,20802,15258,5544,15097,132,14589,0,0,34,508,131,14554,1,29134,90,82,81,60,3919,14,1426,8,429,10,464,25,724,13,1514,0,0,36,286,0,6335,42,44,6,6,8,7,8,9,1029,552,477,147,77,70,148,85,63,167,87,80,168,88,80,191,107,84,208,108,100,8,2,203,203,203,0,0,0,10,4,6,5,0,0,61,45,4,3,3,68,8,60,18.52,42.38,0,0,40,26,2,4,2,2,4,1,1,61,38
1003,1,1,1,19477,1917,17560,10298,78,6581,0,0,25,3717,78,6581,1,17905,50,91,80,53,4854,11,1014,5,402,3,553,23,911,3,777,0,0,5,307,0,1480,44,36,5,5,5,6,6,9,775,421,354,89,54,35,112,56,56,139,75,64,114,65,49,135,76,59,186,95,91,20,2,184,184,184,0,0,0,3,3,0,2,0,0,59,45,1,0,0,58,2,56,15.39,39.81,0,0,40,17,1,0,0,0,5,1,2,56,35.07
1004,1,1,1,12136,10072,2064,8657,22,503,82,5493,2,2661,82,5493,1,21688,54,41,30,37,2570,11,924,19,874,8,569,23,570,0,0,0,0,8,489,0,2661,36,36,6,6,5,6,6,7,882,434,448,147,77,70,146,72,74,139,71,68,135,65,70,152,77,75,163,72,91,8,0,188,188,188,0,0,0,2,1,1,2,0,0,60,37,0,0,1,55,9,46,16.44,41.11,0,0,37,17,1,0,0,0,5,1,2,58,32.07
1005,1,1,1,8849,2387,6462,11278,37,4149,54,5410,8,1719,73,6999,1,21093,50,76,66,45,3294,13,1473,14,718,2,271,17,528,2,1243,0,0,6,668,0,3083,31,29,5,4,5,4,5,6,612,323,289,108,54,54,94,44,50,86,44,42,95,56,39,116,63,53,113,62,51,14,4,160,160,160,0,0,0,1,1,0,3,1,0,43,19,1,0,0,53,5,48,15.69,40.25,0,0,36,17,0,1,1,0,5,1,1,56,37.07
1006,1,1,1,22328,4950,17378,10269,76,6533,0,0,23,3736,72,6314,1,21059,52,77,64,41,3038,9,876,14,586,2,650,21,744,1,600,0,0,11,742,0,3033,33,32,5,4,6,5,5,7,738,350,388,116,51,65,106,54,52,115,62,53,117,51,66,126,58,68,158,74,84,4,2,178,178,178,0,0,0,6,3,3,2,0,0,33,40,2,0,3,45,5,40,18.73,42.42,0,0,27,18,0,1,0,1,5,1,1,61,43.04
1007,1,1,1,10680,7468,3212,8286,86,5518,0,0,3,2768,3,92,1,18585,49,84,71,41,2674,13,905,19,994,2,134,9,572,4,274,0,0,1,57,0,2676,32,32,4,4,5,6,7,6,752,385,367,92,50,42,107,46,61,119,56,63,132,55,77,144,83,61,158,95,63,5,0,177,177,177,0,0,0,1,1,0,0,0,0,62,40,1,0,0,52,5,47,18.4,42.21,0,0,39,12,1,2,0,2,4,1,2,56,36
1008,1,1,1,19041,5155,13886,9326,99,8884,0,0,11,442,99,8884,1,13921,48,84,88,42,2712,19,1299,4,165,1,165,32,599,1,720,0,0,11,465,0,3201,34,31,5,4,6,5,5,6,662,358,304,113,67,46,95,41,54,105,58,47,109,64,45,120,64,56,120,64,56,8,8,171,171,171,0,0,0,5,1,4,0,0,0,46,17,1,0,4,51,9,42,14.63,39.27,0,0,40,11,0,0,0,0,5,1,1,60,38.01
1009,1,1,1,13513,9724,3789,11109,0,0,122,10154,14,955,69,4757,2,28556,83,121,113,50,3470,17,1227,28,888,1,132,39,508,0,0,0,0,1,36,0,4848,47,47,7,7,8,8,8,9,1200,620,580,169,93,76,179,90,89,218,102,116,187,88,99,214,118,96,233,129,104,17,0,270,270,270,0,0,0,8,8,0,3,0,0,89,60,7,0,0,73,13,60,15.55,39.86,0,1,48,24,0,5,1,4,6,1,1,59,38.01
1010,1,1,1,21217,3322,17895,7796,17,684,67,4872,5,2240,68,4995,1,16235,45,76,89,40,2739,8,660,18,792,2,420,15,528,1,450,0,0,5,142,0,2065,35,35,5,5,6,6,5,8,797,417,380,120,70,50,110,58,52,137,73,64,128,59,69,128,65,63,174,92,82,20,4,174,174,174,0,0,0,8,4,4,2,0,0,58,33,1,0,0,53,9,44,15.91,40.25,0,1,42,10,0,1,0,1,6,1,1,59,38.01
1011,1,1,1,11657,5508,6149,9276,72,5530,0,0,20,3746,59,3867,1,16665,74,79,108,46,3333,10,701,12,566,1,180,16,487,1,486,0,0,6,1085,0,2438,39,36,6,4,7,6,6,7,809,428,381,139,73,66,107,54,53,158,89,69,126,68,58,134,64,70,145,80,65,9,0,195,195,195,0,0,0,8,3,5,16,0,0,58,33,1,5,0,50,8,42,19.76,43.2,0,0,37,13,0,1,0,1,5,1,1,60,36.01
1012,1,1,1,12347,3166,9181,11530,0,0,120,6726,0,4804,120,6726,1,19999,117,82,89,46,3309,8,1202,23,760,1,138,41,766,1,551,0,0,0,0,0,4804,38,38,5,6,6,6,6,9,1056,559,497,163,81,82,164,89,75,172,97,75,177,97,80,168,85,83,212,110,102,7,3,223,223,223,0,0,0,19,7,12,14,0,0,80,160,5,3,9,60,11,49,17.17,41.57,0,1,47,12,0,1,0,1,5,1,1,58,37
1013,1,1,1,13228,6553,6675,10109,117,6226,0,0,4,3883,93,6226,1,20475,36,82,95,71,4861,12,722,6,371,1,135,25,835,0,0,0,0,6,216,0,2969,70,70,12,9,11,12,12,14,1814,918,896,319,165,154,240,125,115,280,129,151,313,161,152,301,147,154,361,191,170,15,0,441,441,441,0,0,0,6,2,4,5,0,0,90,82,1,3,1,113,11,102,15.53,39.82,0,0,83,30,0,2,0,2,7,1,2,60,40.01
1014,1,1,1,14112,8712,5400,9752,88,8274,0,0,3,1478,86,7253,1,16202,48,68,89,49,3704,16,1555,8,442,1,250,11,590,1,983,0,0,5,178,0,2050,40,40,6,5,7,7,7,8,1001,527,474,166,88,78,130,65,65,162,93,69,193,98,95,157,77,80,193,106,87,19,0,214,214,214,0,0,0,1,0,1,8,0,0,59,40,0,0,1,64,6,58,15.95,39.73,0,1,43,20,0,2,1,1,5,1,1,61,40
1015,1,1,1,23317,17217,6100,9360,117,6767,0,0,5,2593,75,5040,1,23577,50,76,118,63,4136,18,1122,10,366,1,196,25,648,0,0,0,0,5,198,0,2694,60,60,11,9,9,9,9,13,1516,749,767,269,129,140,228,106,122,249,120,129,257,123,134,213,108,105,300,163,137,13,0,280,280,280,0,0,0,0,0,0,8,0,0,47,180,0,0,0,88,7,81,14.88,39.07,0,0,70,18,0,1,0,1,7,1,2,58,39.01
1016,1,1,1,11793,6382,5411,14305,144,8911,0,0,3,5394,104,7946,1,24668,55,76,95,57,3879,19,1357,26,1080,2,885,40,1093,1,804,0,0,2,323,0,4884,43,43,7,7,7,7,7,8,1022,507,515,159,87,72,167,87,80,153,66,87,181,91,90,173,87,86,189,89,100,31,3,235,235,235,0,0,0,4,2,2,6,0,0,80,52,0,0,2,75,7,68,13.68,38.05,0,0,57,18,0,1,0,1,5,1,1,60,27.06
1018,1,1,1,15184,9962,5222,15891,99,8112,0,0,12,7779,89,7563,1,21113,200,92,114,63,4781,8,569,16,706,2,585,17,486,4,1564,0,0,1,3679,0,3521,61,57,6,8,9,8,11,15,1483,765,718,153,75,78,202,99,103,233,127,106,226,116,110,279,148,131,390,200,190,10,1,407,406,406,0,0,1,13,3,10,16,0,0,70,164,3,3,7,80,9,71,20.11,43.89,0,0,53,26,1,0,0,0,7,1,1,60,37.1
1019,1,1,1,12208,6405,5803,7870,94,7780,0,0,2,90,94,7780,1,19923,70,88,78,39,3028,15,1057,11,466,1,258,24,635,0,0,0,0,6,292,0,2134,37,37,6,6,6,6,6,7,958,512,446,149,83,66,160,82,78,147,76,71,162,84,78,160,95,65,180,92,88,13,4,182,182,182,0,0,0,4,4,0,3,0,0,70,45,1,0,0,60,4,56,16.12,41.92,0,0,46,14,0,2,0,2,5,1,1,54,34.01
1020,1,1,1,10064,5670,4394,11927,94,6732,0,0,34,5195,95,6732,1,30702,36,90,62,66,4778,11,738,15,833,1,270,31,649,1,946,0,0,3,188,0,3525,61,56,8,8,10,10,9,11,1459,719,740,219,122,97,214,109,105,246,114,132,265,132,133,233,114,119,282,128,154,33,0,316,316,316,0,0,0,4,4,0,6,0,0,112,77,2,0,1,86,11,75,15.93,40.44,0,0,68,17,1,1,0,1,7,1,2,61,40.1
1021,1,1,1,5800,3976,1824,8878,14,334,62,8544,0,0,43,8544,1,15533,67,0,65,39,2668,4,458,13,462,1,246,18,430,1,489,0,0,0,0,0,4125,27,27,5,4,5,4,4,5,701,344,357,136,64,72,111,58,53,115,60,55,116,52,64,109,53,56,114,57,57,5,5,101,101,100,1,0,0,10,10,0,4,0,0,74,21,4,2,3,42,8,34,14.42,38.31,0,0,29,12,1,1,0,1,5,1,1,58,37.03
1022,1,1,1,13255,3543,9712,10704,6,357,96,9984,2,363,90,9300,1,19067,65,44,57,41,3408,12,805,22,697,2,191,23,529,4,594,0,0,0,0,0,4480,37,37,7,6,6,6,6,6,1023,531,492,198,100,98,156,77,79,165,93,72,174,94,80,171,86,85,159,81,78,7,0,219,219,219,0,0,0,6,3,3,1,0,0,72,42,2,1,2,58,7,51,15.55,39.12,0,0,40,18,0,0,0,0,6,1,2,57,36
1023,1,1,1,15459,3020,12439,8648,68,5444,0,0,25,3204,67,5420,1,17359,42,79,50,42,2838,15,1155,6,330,2,645,22,581,1,387,0,0,5,185,0,2527,36,27,4,4,5,4,6,4,546,294,252,82,43,39,80,49,31,96,50,46,95,43,52,110,62,48,83,47,36,10,2,132,132,132,0,0,0,3,1,2,14,0,0,87,20,1,0,2,41,4,37,15.16,39.9,0,0,30,11,0,1,0,1,6,1,2,60,41.01
1024,1,1,1,15135,12788,2347,13923,116,8719,0,0,8,5204,116,8719,1,17093,150,0,80,54,4035,9,888,24,1126,2,870,29,929,2,967,0,0,4,310,0,4798,48,48,8,8,7,7,8,10,1172,636,536,197,109,88,195,114,81,178,104,74,189,100,89,192,97,95,221,112,109,14,1,217,217,217,0,0,0,8,1,7,7,0,0,71,51,1,7,0,72,4,68,15.59,39.07,0,1,51,20,0,1,0,1,4,1,2,58,37.01
1025,1,1,1,11441,2438,9003,8908,100,5817,0,0,5,3091,70,4836,1,19916,42,0,108,46,3586,12,807,13,571,2,248,29,594,0,0,0,0,3,185,0,2917,44,44,6,6,8,8,8,8,1123,569,554,140,69,71,171,77,94,183,98,85,219,110,109,188,96,92,222,119,103,21,0,261,261,261,0,0,0,2,0,2,3,0,0,53,33,0,1,1,64,9,55,17.68,41.05,0,0,44,18,2,1,0,1,5,1,1,58,37.07
1026,1,1,1,14427,4593,9834,10074,99,6605,0,0,4,3469,62,4926,1,25099,87,36,104,56,3762,9,670,9,474,1,257,21,540,1,685,0,0,6,318,0,3368,54,54,10,9,8,10,8,9,1718,874,844,318,162,156,280,150,130,278,149,129,322,154,168,253,129,124,267,130,137,4,0,327,327,320,7,0,0,71,24,47,69,0,0,84,128,24,2,39,80,7,73,16.15,40.33,0,0,55,24,1,2,0,2,6,1,2,60,39.1
1027,1,1,1,14912,2744,12168,8334,79,8203,0,0,2,131,75,8003,1,20366,44,43,69,39,2631,6,520,15,692,2,429,17,499,2,1070,0,0,0,0,0,2493,37,37,7,6,6,7,6,5,1453,731,722,245,113,132,235,127,108,247,121,126,266,144,122,238,115,123,222,111,111,3,1,300,300,300,0,0,0,47,14,33,69,0,0,43,144,12,0,29,54,3,51,16.3,39.87,0,1,34,19,0,0,0,0,4,1,1,61,42.01
1028,1,1,1,14136,3150,10986,6645,65,3931,7,462,4,2252,58,4109,1,15563,80,87,62,37,2590,6,602,12,689,1,144,15,317,2,231,0,0,3,144,0,1928,35,35,6,5,7,6,5,6,934,492,442,165,82,83,133,70,63,181,92,89,166,99,67,125,74,51,164,75,89,3,0,223,223,223,0,0,0,47,23,24,54,0,0,44,53,22,2,19,56,3,53,15.09,39.57,0,1,34,21,0,1,0,1,4,1,1,60,37.01
1029,1,1,1,10760,3165,7595,5379,60,3751,0,0,0,1628,50,3751,1,19075,55,73,46,30,2046,6,420,9,466,1,132,9,393,1,132,0,0,4,162,0,1628,29,29,4,4,4,5,5,7,693,361,332,99,43,56,97,48,49,111,60,51,123,73,50,121,61,60,142,76,66,2,0,184,184,184,0,0,0,35,16,19,21,0,0,37,57,12,10,8,44,4,40,15.55,39.18,0,0,27,17,0,1,0,1,6,1,2,59,33.05
1030,1,1,1,7146,2934,2025,12499,75,6490,0,0,36,6009,75,6490,1,23356,80,78,56,42,3133,10,748,19,2833,2,735,36,557,1,733,0,0,1,37,0,3723,39,39,8,6,6,7,6,6,1131,563,568,218,110,108,177,81,96,201,102,99,189,100,89,184,89,95,162,81,81,0,0,172,171,171,0,0,1,27,13,14,19,0,0,79,42,11,3,11,54,6,48,19.97,43.44,0,0,35,19,0,1,0,1,5,1,1,58,39.01
1031,1,1,1,21165,7694,13471,6895,59,4204,0,0,30,2691,59,4204,1,20439,42,73,59,45,2932,10,763,8,422,1,160,21,366,0,0,0,0,4,195,0,2057,35,35,5,5,5,6,6,8,825,442,383,118,67,51,121,69,52,132,74,58,145,79,66,142,73,69,167,80,87,4,0,208,208,208,0,0,0,8,1,7,0,0,0,55,45,1,4,3,54,6,48,15.77,39.7,0,0,42,11,1,1,0,1,4,1,1,61,39.01
1032,1,1,1,15401,2532,12869,6562,1,479,44,3243,16,2840,45,3770,1,18588,44,41,42,33,2310,5,429,7,399,1,144,13,401,2,958,0,0,0,0,0,1921,29,30,4,4,5,6,5,6,827,452,375,120,73,47,124,63,61,138,79,59,137,74,63,139,79,60,169,84,85,0,0,205,205,205,0,0,0,15,12,3,11,0,0,27,67,11,3,0,46,8,38,14.78,39.02,0,0,33,13,0,1,0,1,5,1,1,59,34.01
1033,1,1,2,15017,12275,2742,12281,111,7847,0,0,59,4434,109,7424,1,32960,60,481,89,28,2416,36,2484,35,1038,9,665,41,796,2,947,15,326,4,95,0,3514,24,24,4,4,4,4,4,4,720,350,370,120,60,60,120,57,63,120,57,63,120,60,60,120,59,61,120,57,63,0,0,120,120,120,0,0,0,24,15,9,5,0,0,10,29,9,1,8,28,19,9,16.89,40.68,0,0,15,13,0,27,8,19,11,1,2,57,30.08
1034,1,1,2,0,0,0,11439,62,9285,0,0,21,2154,60,5532,1,45886,72,91,67,27,3060,16,1508,18,691,1,523,17,490,2,853,0,0,2,44,0,4270,24,24,4,4,4,4,4,4,655,327,328,104,52,52,104,52,52,104,52,52,104,52,52,119,59,60,120,60,60,4,0,115,115,115,0,0,0,18,0,18,2,0,0,19,30,0,18,0,32,3,29,11.67,37.13,0,0,10,20,2,18,4,14,7,1,2,54,19.07
1036,1,1,2,3427,3427,0,6479,67,5878,0,0,1,601,59,6479,1,17016,69,43,53,31,2732,15,889,9,404,1,95,9,351,2,653,0,0,1,34,0,1321,25,25,4,4,4,4,4,5,739,382,357,120,60,60,120,62,58,120,60,60,120,62,58,114,61,53,145,77,68,1,0,116,116,116,0,0,0,16,16,0,9,0,0,14,26,16,0,0,28,13,15,25.63,47.89,0,0,13,15,0,24,9,15,6,1,1,61,42.01
1037,1,1,2,11295,4870,6425,8855,75,8735,0,0,1,120,75,8735,1,13713,36,30,49,27,1850,28,1381,4,704,1,142,11,320,2,1139,0,0,3,135,0,3184,24,24,4,4,4,4,4,4,606,324,282,120,58,62,106,56,50,103,50,53,79,36,43,107,65,42,91,59,32,1,0,99,99,99,0,0,0,20,16,4,20,0,0,48,23,16,0,4,27,15,12,20.97,44,0,1,18,8,0,8,3,5,13,1,1,60,38.09
1038,1,1,2,11234,2043,8554,7836,74,7836,0,0,0,0,71,7699,1,31594,30,66,64,31,2640,18,1308,9,426,1,183,13,577,2,413,0,0,0,0,0,2289,30,30,5,5,5,5,5,5,919,455,464,120,60,60,160,80,80,160,80,80,160,80,80,160,77,83,159,78,81,1,0,157,157,157,0,0,0,26,6,20,18,0,0,22,42,6,0,16,35,14,21,20.76,43.86,0,1,17,17,0,31,7,24,10,1,1,55,37.01
1039,2,1,1,13102,9758,3344,10333,69,5386,0,0,40,4947,69,5386,1,17278,80,73,46,39,2631,9,822,19,692,1,196,39,801,1,986,0,0,1,149,0,4056,34,34,5,5,5,6,6,7,760,388,372,105,52,53,123,53,70,118,65,53,118,72,46,129,72,57,167,74,93,7,0,210,210,210,0,0,0,4,1,3,0,0,0,47,36,0,0,3,49,8,41,22.29,45.33,0,2,34,12,1,1,0,1,4,1,2,57,38.01
1040,2,1,1,9199,2817,6382,10101,72,5623,0,0,35,4478,53,3985,1,16695,54,119,114,41,2834,16,1382,16,593,1,182,25,562,1,792,0,0,7,197,0,3559,38,38,6,6,6,7,6,7,953,458,495,150,74,76,134,70,64,161,78,83,181,82,99,158,66,92,169,88,81,3,0,208,208,208,0,0,0,5,2,3,1,0,0,51,61,0,0,3,51,9,42,22.49,45.69,0,0,38,13,0,2,0,2,4,1,2,59,39
1041,2,1,1,19794,12204,7590,6234,3,101,53,3560,20,2573,49,2809,1,16244,55,66,34,23,1619,12,808,18,739,2,202,19,408,1,275,0,0,1,22,0,2161,21,21,4,3,3,4,4,3,392,203,189,53,19,34,43,25,18,70,36,34,71,43,28,84,43,41,71,37,34,3,0,101,101,101,0,0,0,0,0,0,0,0,0,24,14,0,0,0,32,3,29,19.27,43.19,0,1,23,8,0,0,0,0,4,1,1,60,36.07
1042,2,1,1,16057,12687,3370,16279,34,6795,0,0,91,9484,33,6762,1,18623,59,85,66,45,3293,14,1743,26,1309,2,765,19,1017,7,1240,0,0,12,2718,0,4194,23,23,3,4,4,4,4,4,533,281,252,75,43,32,86,44,42,73,41,32,94,52,42,102,53,49,103,48,55,4,0,142,142,142,0,0,0,3,3,0,2,0,0,27,19,3,0,0,35,5,30,16.99,41.14,0,0,23,11,1,1,0,1,4,1,1,60,40.1
1043,2,1,1,12732,7132,5600,9313,0,0,56,3784,54,5529,51,3518,1,21006,80,78,65,36,2512,11,794,15,722,3,215,39,781,3,555,0,0,3,280,0,3454,31,31,4,5,5,5,6,6,767,418,349,91,47,44,117,73,44,124,56,68,135,70,65,142,82,60,158,90,68,7,0,167,167,167,0,0,0,9,4,5,9,0,0,61,78,3,4,1,44,7,37,19.35,42.52,0,0,26,18,0,1,0,1,4,1,1,59,37.07
1044,2,1,1,16643,8858,7785,9878,92,7314,0,0,35,2564,82,6743,1,17316,40,70,90,52,3366,13,891,14,627,1,211,35,984,1,985,0,0,11,1086,0,1728,41,41,7,7,6,6,7,8,1059,551,508,179,78,101,175,88,87,160,97,63,173,91,82,171,95,76,201,102,99,3,0,257,257,257,0,0,0,7,7,0,1,0,0,61,85,0,0,0,55,8,47,18.51,42.13,0,1,40,14,0,0,0,0,4,1,1,61,39.11
1045,2,1,1,16579,10438,5355,8197,77,4687,0,0,32,3510,70,4520,1,13306,100,73,79,29,1947,20,1188,20,957,3,198,29,772,1,230,0,0,7,167,0,2738,27,25,3,4,4,4,4,6,545,285,260,64,32,32,80,47,33,80,44,36,96,47,49,103,60,43,122,55,67,4,0,178,178,178,0,0,0,1,0,1,0,0,0,32,37,0,1,0,34,2,32,22.11,45.29,0,2,26,6,0,0,0,0,4,1,2,61,40.05
1046,2,1,1,17704,12619,5085,10375,65,5396,0,0,49,4979,77,5823,1,25468,108,133,48,37,2604,17,1568,19,736,3,236,25,882,1,660,0,0,12,454,0,3235,33,33,5,4,6,6,5,7,776,412,364,111,57,54,91,47,44,132,72,60,144,79,65,118,59,59,180,98,82,4,0,221,221,221,0,0,0,2,0,2,4,1,0,56,50,0,0,2,51,7,44,19.08,43.31,0,1,38,11,1,0,0,0,5,1,1,61,37.05
1047,2,1,1,11621,10981,640,8319,2,707,56,6155,23,1457,67,8284,1,17500,72,99,48,38,2574,9,661,9,396,1,198,20,592,1,640,0,0,3,96,0,3162,37,37,7,6,5,7,6,6,876,443,433,145,81,64,147,79,68,133,61,72,143,63,80,165,89,76,143,70,73,5,0,186,186,186,0,0,0,3,0,3,2,0,0,53,41,0,1,2,50,5,45,21.15,44.48,0,0,35,13,2,1,0,1,4,1,2,58,36.01
1048,2,1,1,10943,7018,3925,5513,45,2642,0,0,28,2871,40,2430,1,20389,41,8,54,28,2132,6,429,16,529,1,146,17,380,2,170,0,0,3,56,0,1671,24,25,4,4,4,4,4,5,552,305,247,85,44,41,88,53,35,89,44,45,93,56,37,105,55,50,92,53,39,9,0,145,145,145,0,0,0,0,0,0,1,0,2,31,38,0,0,0,38,3,35,16.84,42.45,0,1,27,10,0,0,0,0,4,1,2,55,35.01
1049,2,1,1,13035,8748,4287,8505,97,8310,0,0,8,195,97,8310,1,14504,58,74,46,30,2046,19,1452,15,660,1,216,31,846,2,315,0,0,7,143,0,2827,24,21,3,3,4,3,4,4,436,223,213,64,33,31,61,29,32,75,41,34,58,24,34,82,44,38,96,52,44,19,1,111,111,111,0,0,0,3,3,0,0,0,0,28,29,0,0,0,33,5,28,20.22,43.18,0,1,23,8,1,0,0,0,4,1,1,58,37.01
1051,2,1,1,15000,3761,11239,10111,90,6829,0,0,27,3282,72,6226,1,18810,48,131,72,32,2426,11,944,23,997,2,717,24,756,1,827,0,0,1,161,23,3283,27,26,3,4,4,5,4,6,550,291,259,59,32,27,78,41,37,91,52,39,101,41,60,102,60,42,119,65,54,3,0,145,145,145,0,0,0,2,2,0,2,0,0,52,61,1,0,0,41,5,36,16.02,40.32,0,0,33,8,0,0,0,0,4,1,2,59,38.1
1052,2,1,1,24820,8201,16619,10894,96,6287,0,0,5,4607,68,4798,1,18655,69,96,45,34,2508,16,1188,17,1067,2,664,27,937,2,1045,0,0,3,197,0,3288,32,29,5,5,5,4,5,5,645,329,316,123,66,57,108,53,55,97,43,54,95,52,43,106,58,48,116,57,59,12,0,104,104,104,0,0,0,1,1,0,0,0,0,35,70,0,0,0,44,10,34,12,35.36,0,0,28,16,0,2,0,2,5,1,2,60,36.1
1053,2,1,1,16308,12082,4226,8810,49,4778,0,0,21,4032,50,4811,1,18645,40,73,52,30,2211,5,363,9,396,2,641,17,527,4,1419,0,0,3,204,0,3049,22,20,3,3,3,4,3,4,420,189,231,60,28,32,60,28,32,63,32,31,84,35,49,67,29,38,86,37,49,0,9,128,128,128,0,0,0,0,0,0,0,0,0,31,30,0,0,0,35,6,29,13.66,37.66,0,0,26,9,0,1,0,1,4,1,2,57,35.1
1054,2,1,1,11022,7383,3639,11902,105,7534,0,0,5,4368,76,7210,1,8774,60,103,117,44,3625,9,1051,23,976,2,819,31,648,1,819,0,0,0,0,0,3964,39,39,8,8,6,6,5,6,911,477,434,188,96,92,193,102,91,156,84,72,139,78,61,112,64,48,123,53,70,1,0,111,111,111,0,0,0,12,9,3,2,0,0,26,105,0,0,4,55,7,48,15.39,38.44,0,1,39,14,1,1,0,1,3,1,2,61,39.09
1055,2,1,1,10332,6188,4144,7932,83,7334,0,0,7,598,72,6443,2,24927,36,121,68,31,2079,16,1287,13,693,6,462,17,705,1,132,0,0,5,177,1,2397,26,27,3,4,5,4,5,6,561,304,257,77,44,33,77,38,39,97,53,44,90,49,41,98,52,46,122,68,54,13,3,162,162,162,0,0,0,0,0,0,0,0,0,38,22,0,0,0,45,6,39,13.21,37.44,0,0,32,13,0,2,0,2,4,1,1,55,35.01
1056,2,1,1,7330,4150,3180,7465,53,3502,0,0,21,3963,53,3469,1,15930,64,100,47,26,1854,9,823,17,759,1,204,19,586,0,0,0,0,2,54,0,3185,24,24,4,4,3,5,4,4,500,250,250,81,38,43,74,35,39,72,43,29,103,53,50,89,40,49,81,41,40,6,0,118,118,118,0,0,0,0,0,0,0,0,0,30,38,0,0,0,34,9,25,14.5,37.71,0,0,21,13,0,1,0,1,4,1,1,56,35.01
1057,2,1,1,12700,8416,4284,7509,59,3902,0,0,30,3607,89,6271,1,24216,48,39,49,29,2128,14,1196,19,684,1,196,17,470,0,0,0,0,9,160,0,2675,24,24,3,3,5,4,4,5,521,282,239,64,36,28,72,36,36,102,56,46,87,53,34,95,48,47,101,53,48,4,0,122,122,122,0,0,0,0,0,0,2,0,0,41,23,0,0,0,37,11,26,13.89,37.46,0,0,21,16,0,1,0,1,4,1,1,57,35.1
1058,2,1,1,14811,9291,5520,11859,79,5958,0,0,39,5901,79,5958,1,17542,70,111,60,45,3304,11,1106,17,825,4,897,39,780,1,811,0,0,1,38,0,4098,26,26,4,4,4,4,4,6,554,299,255,75,41,34,87,50,37,83,43,40,89,49,40,89,52,37,131,64,67,0,0,161,161,161,0,0,0,1,0,1,5,0,0,33,34,0,0,1,41,6,35,13.7,37.83,0,0,34,7,0,1,0,1,4,1,1,61,38.01
1059,2,1,1,14632,3820,10812,10891,74,5751,0,0,31,5140,77,5982,1,35433,280,104,93,48,4134,9,627,6,363,6,396,25,698,1,1131,0,0,10,462,0,3080,46,46,6,6,7,8,8,11,1080,589,491,146,71,75,147,96,51,172,98,74,198,106,92,183,99,84,234,119,115,4,0,303,303,303,0,0,0,5,2,3,4,0,0,49,63,2,1,2,65,4,61,15.97,40.28,0,0,48,17,0,1,0,1,5,1,2,59,37
1060,2,1,2,10384,6184,4200,6790,61,3098,0,0,7,3692,40,3098,1,14715,80,34,34,21,1637,11,969,10,309,2,393,19,259,3,751,0,0,2,160,0,2312,18,18,3,3,3,3,3,3,577,285,292,96,45,51,96,48,48,96,52,44,96,50,46,98,42,56,95,48,47,4,0,94,94,94,0,0,0,2,0,2,3,0,0,18,18,0,0,1,20,12,8,18.78,41.65,0,0,12,8,0,13,6,7,5,1,2,57,30.1
1061,4,1,1,11607,5507,6100,10551,19,2213,65,5234,33,3104,71,6860,1,22930,54,167,55,47,3418,8,952,12,714,15,601,33,682,1,1137,0,0,1,72,0,2975,38,38,6,6,6,7,6,7,837,458,379,140,67,73,123,71,52,128,68,60,158,95,63,140,73,67,148,84,64,3,0,137,137,137,0,0,0,0,0,0,0,0,0,62,15,0,0,0,56,17,39,11.35,34.89,0,0,38,17,1,0,0,0,5,1,1,61,36.11
1062,2,1,1,11854,6144,5710,10985,125,7584,0,0,4,3401,101,6828,1,16708,24,133,40,42,3464,7,737,36,1122,2,562,26,889,3,516,0,0,13,443,0,3252,30,30,4,6,5,5,5,5,686,375,311,100,51,49,115,63,52,119,62,57,118,67,51,107,63,44,127,69,58,15,0,142,142,142,0,0,0,1,1,0,3,0,0,51,30,1,0,0,44,12,32,9.57,34.43,0,2,33,9,0,1,0,1,4,1,1,57,35.01
1063,2,1,1,10201,2992,7209,11316,105,7515,0,0,1,3801,77,6667,1,10973,50,134,70,51,3961,9,842,15,620,1,493,29,882,1,750,0,0,0,0,0,3768,43,42,8,6,8,7,7,6,1272,642,630,268,135,133,190,90,100,248,124,124,215,106,109,207,112,95,144,75,69,10,0,194,194,194,0,0,0,3,0,3,4,0,0,125,51,0,3,0,60,20,40,11.32,35.15,0,0,40,20,0,0,0,0,3,1,1,58,38.07
1064,2,1,1,12518,8948,3570,14232,45,2179,94,6933,2,5120,96,7852,2,16853,86,73,48,56,3795,16,1155,19,966,2,885,43,1194,1,919,0,0,4,267,0,5051,44,46,8,8,7,7,7,9,1349,683,666,222,111,111,239,121,118,213,112,101,229,102,127,207,114,93,239,123,116,12,0,315,315,315,0,0,0,27,16,11,33,0,0,310,263,10,0,6,65,13,52,17.8,42.14,0,0,48,17,0,1,0,1,4,1,1,60,38
1065,2,1,1,7060,5080,1980,8499,63,4901,0,0,36,3598,63,4901,1,11556,40,89,60,41,2490,5,680,15,654,1,503,36,648,1,517,0,0,0,0,0,3007,29,29,5,5,5,5,5,4,781,397,384,164,80,84,122,51,71,135,69,66,150,74,76,95,53,42,115,70,45,2,0,115,115,115,0,0,0,2,0,2,2,0,0,47,43,0,0,2,42,7,35,17.44,41.05,0,1,34,7,0,1,0,1,5,1,1,58,36.01
1066,2,1,1,11888,5612,6276,9036,98,6332,0,0,4,2704,98,7349,1,16442,32,74,48,33,2125,14,1182,22,760,2,647,25,608,3,1015,0,0,3,110,0,2589,24,25,4,5,4,3,4,5,563,272,291,90,46,44,115,52,63,92,40,52,82,42,40,87,37,50,97,55,42,17,0,103,103,103,0,0,0,1,1,0,0,0,0,45,34,1,0,0,36,8,28,14.01,37.89,0,1,23,11,1,1,0,1,5,1,2,59,39.01
1067,2,1,1,15498,8920,5830,7164,78,4902,0,0,8,2262,67,4227,1,18250,50,38,70,36,2466,4,366,14,461,1,374,21,501,1,584,0,0,9,242,0,2170,31,29,4,4,4,4,5,8,655,340,315,103,55,48,95,53,42,94,44,50,103,45,58,117,62,55,143,81,62,11,0,138,138,138,0,0,0,3,1,2,1,0,0,51,65,0,0,2,43,9,34,14.99,39.16,0,0,32,11,0,0,0,0,4,1,1,60,39.07
1068,2,1,1,23291,10956,11425,7875,87,4811,0,0,10,3064,69,4330,1,20392,60,85,44,49,3322,5,525,11,379,1,216,23,473,0,0,0,0,8,377,0,2583,41,36,5,4,6,8,6,7,856,441,415,129,68,61,104,59,45,141,67,74,162,86,76,141,65,76,179,96,83,8,0,186,186,186,0,0,0,1,1,0,2,0,0,99,34,0,0,0,53,16,37,13.76,38.38,0,0,42,11,0,3,1,2,5,1,1,57,34.01
1069,2,1,1,12886,8831,3739,10515,39,2078,72,4886,0,3551,111,5488,1,14501,50,110,65,37,2566,8,946,19,834,2,567,35,982,5,900,0,0,5,169,0,3551,28,28,5,4,5,4,4,6,676,341,335,132,58,74,103,53,50,119,66,53,105,47,58,100,51,49,117,66,51,9,3,93,93,93,0,0,0,1,1,0,2,0,0,73,72,0,0,0,40,13,27,13.02,37.85,0,1,29,10,0,1,0,1,4,1,1,59,36.01
1070,2,1,1,15683,8614,7069,10988,81,10961,0,0,2,27,74,8292,1,24717,50,84,87,36,2784,13,1134,11,968,2,448,18,617,2,1132,0,0,1,265,0,3640,30,28,4,5,4,5,5,5,628,328,300,83,40,43,85,51,34,98,50,48,124,49,75,107,60,47,131,78,53,22,1,165,165,165,0,0,0,5,5,0,6,0,0,47,41,3,0,0,43,11,32,11.52,36.51,0,0,32,11,0,0,0,0,5,1,2,55,34.07
1071,2,1,1,16552,15162,1390,8126,89,5292,0,0,3,2834,66,4066,1,19547,36,91,70,42,2930,4,368,19,700,1,105,23,612,1,684,0,0,2,45,0,2682,40,37,6,7,5,6,7,6,857,415,442,140,78,62,148,67,81,119,52,67,141,69,72,146,69,77,163,80,83,25,1,185,185,185,0,0,0,3,2,1,1,0,0,69,57,2,0,0,49,8,41,17.15,40.06,0,4,34,11,0,1,0,1,4,1,1,57,37.1
1072,2,1,1,16616,12318,4298,10319,3,899,80,4655,38,4765,80,4655,1,18173,45,85,68,38,2616,6,538,24,514,2,522,39,728,5,895,0,0,7,429,0,4077,33,33,4,6,5,6,6,6,802,421,381,111,61,50,125,65,60,133,69,64,144,76,68,141,69,72,148,81,67,19,0,168,168,168,0,0,0,1,0,1,2,1,0,84,59,0,0,1,45,5,40,20.71,44.18,0,1,35,9,0,1,0,1,4,1,1,56,32.11
1073,2,1,1,13242,10709,2533,9890,1,606,127,9284,0,0,128,9890,1,19233,80,147,18,50,3394,9,774,23,824,1,547,39,674,1,606,0,0,3,48,2,3023,48,48,7,7,8,8,8,10,1344,708,636,200,118,82,207,114,93,221,107,114,221,107,114,229,119,110,266,143,123,0,0,294,294,294,0,0,0,6,3,3,2,0,6,65,117,3,0,3,69,9,60,16.33,39.7,0,0,51,18,0,0,0,0,6,1,1,60,38.01
1074,2,1,1,10979,8106,2873,8883,59,5260,0,0,27,3623,56,5104,1,18118,44,60,2,31,3223,7,792,17,622,2,354,22,400,4,420,0,0,2,294,1,2778,25,27,4,4,4,5,4,6,682,365,317,109,59,50,99,51,48,111,56,55,127,60,67,106,65,41,130,74,56,3,0,155,155,155,0,0,0,5,1,4,5,0,0,50,61,0,0,4,42,7,35,11.9,37.33,0,1,30,11,0,0,0,0,5,1,1,57,37.01
1075,2,1,1,16911,3203,2400,9014,65,5298,0,0,27,3716,64,5362,1,18920,59,52,56,34,2804,7,771,22,765,2,645,25,551,1,540,0,0,1,6,0,2932,21,22,3,3,3,4,4,5,444,224,220,74,45,29,63,25,38,71,40,31,78,34,44,81,45,36,77,35,42,11,0,85,85,85,0,0,0,1,0,1,1,0,0,41,29,0,1,0,34,7,27,12.13,35.91,0,0,28,6,0,0,0,0,5,1,1,58,36.01
1076,2,1,1,18101,10901,7200,7260,68,7046,0,0,3,214,47,3172,1,13602,40,37,63,26,1716,11,759,9,539,1,741,19,788,2,880,0,0,3,367,0,1470,19,20,3,3,3,3,4,4,424,231,193,71,39,32,54,25,29,60,29,31,72,38,34,69,37,32,98,63,35,5,0,121,121,121,0,0,0,0,0,0,0,0,0,39,35,0,0,0,33,7,26,10.01,33.48,0,0,30,3,0,2,0,2,5,1,2,57,34.11
1077,2,1,1,13325,7705,5620,10155,76,5905,0,0,31,4250,76,5905,1,28461,58,82,46,40,2889,17,1261,19,882,2,499,27,594,2,638,0,0,0,0,0,3392,32,33,4,5,5,6,6,7,766,402,364,102,61,41,112,54,58,124,71,53,137,67,70,139,68,71,152,81,71,11,0,197,197,197,0,0,0,4,1,3,3,0,0,56,61,0,0,1,45,6,39,14.98,38.73,0,0,32,12,1,1,0,1,5,1,2,57,36.08
1078,2,1,1,13184,8478,4706,9912,75,5895,0,0,33,4017,76,6159,1,31353,69,94,97,42,2965,11,914,19,767,1,486,33,744,1,729,0,0,1,36,0,3271,38,38,5,5,6,7,6,9,880,464,416,117,64,53,113,57,56,152,72,80,139,73,66,159,86,73,200,112,88,1,0,235,235,235,0,0,0,0,0,0,4,0,0,54,71,0,0,0,54,9,45,12.06,35.76,0,0,43,11,0,0,0,0,4,1,1,59,39
1079,2,1,1,13232,8443,4789,8443,75,5791,0,0,35,2652,75,5791,1,20614,61,72,48,35,2520,15,1065,18,759,2,529,33,578,2,654,0,0,5,284,0,2054,30,28,4,4,5,5,5,5,656,346,310,109,50,59,86,46,40,105,47,58,120,75,45,109,59,50,127,69,58,1,5,155,155,155,0,0,0,10,10,0,7,1,0,36,36,0,0,7,45,6,39,10.23,34.22,0,1,35,9,0,1,0,1,5,1,1,60,43.06
1080,2,1,1,79225,16170,6472,11561,74,5969,0,0,37,5592,69,5511,1,18376,42,44,78,34,2747,11,1069,17,783,2,470,31,660,1,532,0,0,12,532,3,4768,29,30,6,5,4,4,5,6,814,391,423,159,83,76,146,71,75,132,55,77,127,70,57,126,49,77,124,63,61,16,0,125,125,125,0,0,0,1,1,0,4,0,0,62,71,1,0,0,42,7,35,13.97,37.95,0,0,31,11,0,1,0,1,5,1,1,59,38.1
1081,2,1,1,9500,3223,6277,11841,51,6894,0,0,25,4947,49,7380,1,15686,76,34,62,33,4013,5,506,16,958,2,1225,17,489,1,1138,0,0,1,38,1,3474,27,27,5,4,4,5,4,5,589,325,264,79,50,29,86,47,39,82,42,40,124,59,65,92,45,47,126,82,44,2,0,139,139,139,0,0,0,1,1,0,1,0,0,29,22,1,0,0,41,3,38,13.08,36.34,0,0,24,17,0,1,0,1,4,1,1,60,36
1082,2,1,1,15189,9609,5580,11006,82,6356,0,0,47,4650,84,6356,1,23525,50,82,87,42,2802,19,1429,15,616,7,672,43,1003,1,862,0,0,0,0,2,3622,35,36,5,6,7,5,6,7,826,418,408,116,61,55,135,61,74,146,77,69,124,66,58,134,61,73,171,92,79,12,0,158,158,158,0,0,0,4,2,2,1,0,0,62,46,2,1,1,53,12,41,13.54,37.36,0,1,38,13,1,1,0,1,0,1,1,60,40.01
1083,2,1,1,16242,11828,4414,11394,76,5929,0,0,30,5465,85,6561,1,29682,80,464,92,49,7177,14,908,11,728,1,231,23,721,4,955,0,0,2,93,2,581,45,45,7,6,8,7,7,10,1188,612,576,174,86,88,165,83,82,207,109,98,194,95,99,194,103,91,254,136,118,11,0,292,292,292,0,0,0,5,5,0,2,0,0,77,82,5,0,0,70,7,63,15.92,39.33,0,0,45,25,0,2,0,2,4,1,1,61,40.01
1084,2,1,1,23493,16993,6500,10511,74,6255,0,0,42,4256,75,6252,1,18600,54,68,64,40,2739,14,1089,16,825,1,695,35,1276,1,807,0,0,6,232,3,2848,36,36,6,5,6,6,6,7,861,469,392,146,74,72,122,70,52,156,89,67,145,78,67,141,74,67,151,84,67,4,5,196,196,196,0,0,0,10,4,6,7,0,0,66,47,0,0,5,55,3,52,15.1,38.93,0,0,36,18,1,1,0,1,3,1,2,59,40.01
1085,2,1,1,10998,6983,4015,10434,68,5544,0,0,28,4890,68,5544,1,19288,31,38,48,44,2937,8,726,18,891,2,660,19,627,1,528,0,0,3,60,1,4005,34,34,5,5,5,6,6,7,764,401,363,124,59,65,100,50,50,124,66,58,138,79,59,134,74,60,144,73,71,6,0,155,155,155,0,0,0,2,2,0,0,1,0,66,47,1,0,0,51,8,43,15.08,39,0,2,33,15,1,1,0,1,5,1,1,60,39.04
1086,2,1,1,18342,15130,3212,9050,73,6929,0,0,14,2121,67,4915,1,14691,45,82,65,36,2453,11,1042,10,658,3,444,21,589,1,984,0,0,5,344,0,2536,35,30,4,4,5,6,5,6,723,387,336,93,54,39,94,53,41,124,67,57,123,66,57,135,66,69,154,81,73,0,0,164,164,164,0,0,0,1,1,0,0,0,0,39,47,1,0,0,46,7,39,15.87,39.78,0,0,42,4,0,0,0,0,4,1,1,61,37.01
1087,2,1,1,14235,3722,10513,10744,16,1185,76,5443,16,4116,76,5443,1,21778,60,82,65,38,2898,4,330,24,662,3,464,27,760,3,829,0,0,9,541,0,4260,36,36,5,6,6,6,6,7,1012,526,486,165,95,70,162,88,74,185,88,97,171,90,81,162,75,87,167,90,77,8,0,158,158,158,0,0,0,3,1,2,1,0,0,44,58,0,0,2,56,10,46,13.28,36.55,0,0,41,15,0,1,0,1,3,1,1,60,39.04
1088,2,1,1,11937,8383,3554,8383,73,5519,0,0,28,2864,73,5519,1,28432,40,76,82,44,2948,11,638,14,574,4,850,21,407,1,652,0,0,5,193,1,2121,42,42,6,7,7,7,6,9,1103,617,486,163,86,77,173,100,73,188,110,78,192,109,83,162,90,72,225,122,103,0,0,301,301,301,0,0,0,10,7,3,16,0,0,74,81,2,0,3,66,9,57,17.05,40.98,0,4,53,9,0,1,0,1,5,1,1,60,37.07
1089,2,1,1,10403,5714,4689,7876,77,7797,0,0,3,79,76,7780,1,18743,26,24,22,32,2891,11,1108,18,1052,2,450,14,618,1,858,0,0,2,46,0,853,27,27,5,4,4,4,4,6,625,333,292,135,75,60,104,56,48,94,48,46,87,50,37,99,49,50,106,55,51,6,0,140,140,140,0,0,0,8,2,6,0,0,0,39,29,1,0,6,41,13,28,12.59,36.59,0,0,26,15,0,0,0,0,5,1,1,55,31.01
1090,4,1,1,14476,11955,2521,10948,7,153,70,5000,23,5795,77,5153,1,21301,60,87,80,44,2918,7,670,22,728,2,749,19,1167,1,749,0,0,5,330,0,3637,38,38,6,6,6,6,5,9,1080,572,508,164,83,81,178,99,79,179,104,75,176,93,83,152,83,69,231,110,121,3,0,231,231,231,0,0,0,4,3,1,2,1,0,72,55,2,0,1,55,10,45,15.52,40.07,0,1,41,13,0,1,0,1,4,1,1,57,37.01
1091,3,1,1,27958,20404,7000,11690,87,7203,0,0,24,4487,51,4109,1,19529,50,85,73,32,2635,18,1228,17,990,2,610,30,497,5,2182,1,49,6,185,0,3314,21,17,2,3,3,3,3,3,391,205,186,59,33,26,60,35,25,76,42,34,63,25,38,62,34,28,71,36,35,9,0,113,113,113,0,0,0,1,1,0,0,0,0,32,28,0,0,0,30,5,25,12.51,36.33,0,1,23,6,0,1,0,1,4,1,1,61,40
1092,3,1,1,18791,8781,10010,8781,62,5276,0,0,17,3505,46,4172,1,21157,43,30,48,21,2154,15,1271,16,582,2,699,15,370,5,1057,0,0,5,217,0,2431,19,19,3,3,3,3,3,4,475,239,236,74,38,36,76,37,39,73,37,36,82,40,42,85,44,41,85,43,42,0,0,86,86,86,0,0,0,8,8,0,1,0,0,16,21,7,0,1,26,11,15,18.27,41.54,0,0,7,19,0,0,0,0,2,1,2,59,37
1093,3,1,1,18127,12299,5828,10857,83,4928,13,436,0,5493,610,2670,1,17432,56,86,60,36,2508,10,726,12,397,2,545,32,520,1,545,1,83,2,40,0,5493,32,31,4,5,6,5,5,6,843,435,408,118,53,65,129,69,60,170,91,79,143,73,70,145,78,67,138,71,67,6,0,181,181,181,0,0,0,0,0,0,4,0,0,60,45,0,0,0,46,7,39,15.01,38.61,1,1,38,6,0,0,0,0,6,1,1,60,37
1094,3,1,1,11279,8675,2604,10594,70,4895,10,565,24,5134,5,291,1,20561,70,168,164,50,3415,6,736,14,778,2,470,25,606,1,520,0,0,6,462,0,3607,48,43,6,6,7,8,8,8,1275,649,626,187,102,85,173,94,79,204,91,113,227,110,117,248,141,107,236,111,125,1,0,299,299,299,0,0,0,13,13,0,21,0,0,66,65,2,0,11,61,8,53,21.22,44.57,0,1,49,11,0,2,1,1,5,1,1,59,36
1095,3,1,2,5829,3029,2800,6525,75,6525,0,0,0,0,75,6525,1,8150,32,50,53,34,1728,15,842,4,211,2,457,13,304,2,1216,0,0,4,342,1,1425,18,18,3,3,3,3,3,3,462,248,214,96,45,51,72,40,32,82,49,33,80,45,35,72,41,31,60,28,32,1,1,61,61,61,0,0,0,8,8,0,12,0,0,62,32,8,0,0,20,7,13,9.93,35.95,0,0,17,3,0,14,7,7,5,1,2,54,29
1096,4,2,1,23370,8731,5200,2882,24,2069,0,0,8,813,18,1303,1,9199,55,18,22,10,917,2,176,6,248,1,217,5,199,1,18,0,0,7,497,0,610,7,7,1,1,1,1,2,1,31,16,15,6,3,3,5,1,4,5,4,1,3,1,2,8,4,4,4,3,1,2,0,11,11,11,0,0,0,0,0,0,0,0,0,10,3,0,0,0,11,4,7,17.67,41.55,0,0,6,5,0,0,0,0,3,1,1,57,37
1097,4,2,1,60667,3395,6587,1217,15,782,0,0,6,435,15,782,1,3475,15,23,9,6,396,1,66,2,99,3,109,3,78,0,0,0,0,4,119,2,350,5,5,0,1,1,1,1,1,25,15,10,2,1,1,3,1,2,3,2,1,4,2,2,5,3,2,8,6,2,5,0,2,2,2,0,0,0,0,0,0,0,0,0,0,0,0,0,0,7,3,4,14.18,36.57,0,0,5,2,0,0,0,0,2,1,1,61,41.01
1098,4,2,1,56734,1737,6800,2941,8,1023,11,759,16,1159,12,921,1,10730,24,29,30,10,693,5,330,5,227,1,162,8,142,1,432,1,67,4,131,0,757,7,7,1,1,1,1,1,2,52,23,29,8,1,7,8,5,3,11,4,7,7,2,5,7,3,4,11,8,3,0,0,15,15,15,0,0,0,0,0,0,0,0,0,4,8,0,0,0,12,6,6,14.03,37.58,0,0,7,5,0,0,0,0,4,1,1,61,39
1099,4,2,1,46211,8859,4935,1765,21,1060,0,0,4,705,18,687,1,3577,30,10,8,10,470,2,94,5,210,0,0,4,78,1,208,0,0,3,131,0,574,6,6,1,1,1,1,1,1,58,29,29,9,5,4,9,1,8,12,8,4,12,6,6,4,2,2,12,7,5,4,0,9,9,9,0,0,0,0,0,0,0,0,0,5,11,0,0,0,10,5,5,19.55,41.6,0,0,6,4,0,0,0,0,4,1,1,61,42.08
1100,4,1,1,143375,5659,16086,6165,14,2706,28,1947,22,1512,37,3353,1,11086,48,47,39,25,1764,4,363,12,545,2,502,20,421,1,1157,0,0,0,0,0,1413,22,20,3,3,3,3,3,5,423,228,195,61,43,18,66,37,29,72,38,34,67,29,38,67,28,39,90,53,37,11,0,83,83,83,0,0,0,0,0,0,0,0,0,41,26,0,0,0,30,19,11,16.77,40.37,0,0,20,9,1,2,0,2,5,1,1,60,39.07
1101,3,1,1,105354,4615,6400,8632,73,5361,0,0,17,3271,42,3315,1,17441,62,136,84,43,2838,10,726,7,396,13,858,14,862,2,671,0,0,1,18,0,2263,40,37,6,5,6,6,6,8,899,514,385,146,86,60,134,63,71,145,88,57,150,87,63,152,83,69,172,107,65,3,0,185,185,185,0,0,0,1,1,0,0,0,0,57,26,1,0,0,49,9,40,13.44,37.35,0,0,38,11,0,0,0,0,6,1,2,60,41.01
1102,3,1,1,17885,11285,6600,9192,76,5759,0,0,32,3433,74,5723,1,17173,50,87,54,39,2872,20,1388,13,825,2,458,31,988,1,114,0,0,2,36,0,2511,36,30,4,5,5,5,5,6,721,373,348,108,58,50,113,66,47,94,44,50,131,73,58,126,64,62,149,68,81,4,0,167,167,167,0,0,0,1,0,1,0,0,0,53,43,0,0,1,41,6,35,14.4,38.44,0,0,27,14,0,1,0,1,5,1,2,60,41.01
1103,3,1,1,33140,16221,16919,8199,59,5937,0,0,24,2262,58,5937,1,15048,44,96,83,47,3227,2,330,16,726,2,450,14,556,1,1120,0,0,1,32,0,1758,45,37,5,7,6,5,6,8,892,466,426,127,63,64,143,73,70,149,76,73,138,73,65,156,81,75,179,100,79,10,0,229,229,229,0,0,0,6,5,1,4,0,0,186,60,3,2,0,54,16,38,16.76,40.96,0,0,45,9,0,0,0,0,4,1,1,60,39.11
1104,3,1,1,14994,11994,3000,8373,74,5918,0,0,6,2455,42,3753,1,20165,52,101,60,31,2046,14,924,13,858,5,330,11,428,1,1113,0,0,5,135,0,2539,26,23,3,3,3,3,4,7,499,275,224,67,33,34,74,43,31,68,41,27,71,35,36,105,62,43,114,61,53,7,0,126,126,126,0,0,0,1,1,0,0,0,0,57,35,1,0,0,31,6,25,14.43,38.87,0,0,25,6,0,0,0,0,4,1,1,58,37.01
1105,4,2,1,14196,7055,7141,1781,19,1278,0,0,6,503,16,1077,1,8412,16,31,15,11,741,2,99,6,225,2,153,2,57,1,90,1,59,0,0,0,357,7,7,1,1,1,1,1,2,33,13,20,3,2,1,5,2,3,6,2,4,7,2,5,7,2,5,5,3,2,2,0,10,10,10,0,0,0,0,0,0,0,0,0,1,1,0,0,0,10,6,4,16.14,39.5,0,0,3,7,0,1,1,0,3,1,1,58,38.09
1106,4,2,1,10278,1350,8928,1962,24,1792,0,0,5,170,13,1408,1,11963,45,17,30,8,583,0,0,4,262,0,0,4,119,0,0,11,384,2,89,0,525,6,7,1,1,1,1,1,2,37,19,18,6,3,3,3,3,0,4,1,3,11,6,5,5,2,3,8,4,4,2,2,9,9,9,0,0,0,0,0,0,0,0,1,2,4,0,0,0,10,6,4,14.32,38.3,0,0,5,5,0,0,0,0,5,1,1,60,40
1107,4,2,1,187211,1339,12526,1991,18,1317,0,0,8,674,18,1317,1,8106,20,32,23,9,797,1,75,4,207,2,188,8,143,0,0,0,0,1,20,1,561,7,7,1,1,1,1,1,2,39,20,19,6,3,3,3,3,0,3,1,2,5,2,3,15,9,6,7,2,5,5,0,8,8,8,0,0,0,0,0,0,0,0,0,6,5,0,0,0,10,3,7,18.15,41.8,0,0,4,6,0,0,0,0,3,1,2,55,33.07
1108,4,2,1,113540,2440,17712,2289,20,1303,0,0,9,986,20,1303,1,7799,20,23,20,10,823,3,204,3,138,2,198,3,243,0,0,0,0,8,362,0,321,7,7,1,1,1,1,1,2,39,13,26,6,2,4,6,3,3,6,0,6,8,5,3,7,1,6,6,2,4,2,0,6,6,6,0,0,0,1,1,0,0,0,0,7,1,1,0,0,12,5,7,15.86,37.17,0,0,7,5,0,0,0,0,4,1,2,52,32.01
1109,4,1,1,71247,7842,5137,7842,55,4815,0,0,23,3027,56,3481,1,13501,48,102,59,26,1960,16,1188,12,617,2,415,20,432,1,836,0,0,1,238,0,2156,23,22,3,3,4,4,4,4,523,255,268,74,38,36,71,36,35,94,40,54,85,45,40,91,49,42,108,47,61,17,0,101,101,101,0,0,0,0,0,0,1,0,0,38,25,0,0,0,35,12,23,12.52,36.54,0,1,28,6,0,0,0,0,7,1,1,58,36
1110,4,1,1,18957,9580,8651,9095,88,6258,0,0,1,2837,54,3613,1,17918,44,77,81,43,2839,12,873,4,264,4,528,20,381,2,1209,3,164,1,33,0,2804,41,40,7,6,6,6,7,8,1025,529,496,164,83,81,159,89,70,159,86,73,158,90,68,171,82,89,214,99,115,43,2,180,180,180,0,0,0,0,0,0,1,0,0,50,65,0,0,0,61,18,43,11.77,36.26,0,0,43,18,0,0,0,0,0,1,1,55,33.11
1111,3,1,1,16895,9291,7604,11217,77,5764,0,0,36,5453,77,5764,1,18831,50,231,12,47,3356,8,560,18,756,2,643,32,668,3,815,0,0,3,116,0,4303,42,42,6,6,7,7,8,8,1200,621,579,183,94,89,181,93,88,194,91,103,210,113,97,211,115,96,221,115,106,8,0,226,226,226,0,0,0,1,1,0,1,0,1,73,78,1,0,0,61,10,51,15.85,41.54,0,0,46,15,0,0,0,0,6,1,1,59,36.05
1112,3,1,1,22144,10742,11402,10938,148,10922,0,0,1,16,148,10922,1,22059,40,151,52,66,4623,23,2293,20,1906,5,502,33,631,1,967,0,0,1,16,0,0,37,36,5,6,7,7,5,6,985,509,476,145,75,70,164,90,74,173,91,82,182,90,92,144,66,78,177,97,80,6,0,167,167,167,0,0,0,2,1,1,0,0,0,64,53,1,0,0,46,18,28,13.09,36.72,0,0,33,13,0,0,0,0,5,1,1,59,39.11
1113,3,1,1,31341,12634,17396,10830,75,7555,0,0,10,3275,60,6769,1,27732,60,74,76,36,3125,13,1242,17,1154,2,737,15,736,2,1139,0,0,0,0,0,2697,14,15,2,2,2,3,2,4,329,202,127,34,19,15,43,27,16,51,31,20,67,43,24,50,31,19,84,51,33,7,1,108,108,108,0,0,0,0,0,0,0,0,0,42,26,0,0,0,26,7,19,14.72,39.27,0,1,16,9,0,1,1,0,3,1,1,60,39.11
1114,3,1,1,13253,8993,4260,11866,40,4604,28,3124,42,4138,31,1922,1,25631,40,112,110,58,4150,5,508,19,909,2,683,24,616,1,722,0,0,1,16,0,4262,55,55,8,8,10,9,9,11,1629,834,795,234,117,117,243,132,111,293,143,150,268,146,122,268,132,136,323,164,159,3,0,402,402,402,0,0,0,22,5,17,16,0,0,116,185,3,0,17,87,11,76,12.3,38.92,0,2,59,25,1,0,0,0,4,1,1,56,34.06
1115,4,2,1,13296,8195,4692,1586,20,1230,0,0,4,356,14,1074,1,4834,12,21,17,8,666,2,180,4,164,2,158,5,78,0,0,0,0,2,50,1,290,6,6,1,1,1,1,1,1,43,19,24,6,1,5,7,4,3,10,5,5,9,4,5,6,5,1,5,0,5,0,0,7,7,7,0,0,0,0,0,0,0,0,0,4,3,0,0,0,9,4,5,13.03,36.67,0,0,6,3,0,0,0,0,3,1,1,55,35.01
1116,4,2,1,15906,6356,7188,1692,17,1171,0,0,5,521,17,1171,1,11239,30,24,15,9,637,3,268,2,101,2,130,5,158,0,0,0,0,1,36,0,362,5,5,0,1,1,1,1,1,29,16,13,2,1,1,5,3,2,5,0,5,5,4,1,5,2,3,7,6,1,1,0,7,7,7,0,0,0,0,0,0,0,0,0,4,2,0,0,0,10,6,4,13.54,37.5,0,1,5,4,0,0,0,0,2,1,1,61,41.01
1117,4,2,1,22198,4355,6439,1370,15,989,0,0,7,381,13,908,1,1977,20,19,20,5,330,3,198,4,152,1,66,4,73,1,182,1,61,2,49,1,259,5,6,1,1,1,1,1,1,45,26,19,6,4,2,10,6,4,9,5,4,8,4,4,6,6,0,6,1,5,2,0,11,11,11,0,0,0,0,0,0,0,0,0,3,7,0,0,0,9,5,4,14.81,38.11,0,0,6,3,0,0,0,0,2,1,1,55,34.07
1118,4,2,1,12045,4720,7242,1467,19,1292,0,0,3,175,14,1002,1,9205,30,29,15,7,466,4,305,4,129,2,165,4,62,0,0,0,0,1,16,0,324,6,6,1,1,1,1,1,1,39,21,18,6,3,3,3,1,2,7,5,2,6,5,1,8,2,6,9,5,4,1,0,5,5,5,0,0,0,0,0,0,0,0,0,9,4,0,0,0,9,5,4,14.6,37.44,0,0,5,4,0,0,0,0,2,1,1,52,31.06
1119,4,2,1,20236,3672,8928,3423,11,1745,0,0,14,1678,16,1207,1,17649,40,19,21,8,712,2,132,6,323,2,306,1,66,2,977,0,0,4,907,0,0,6,6,1,1,1,1,1,1,51,23,28,9,2,7,8,3,5,9,5,4,7,3,4,8,5,3,10,5,5,2,0,18,18,18,0,0,0,0,0,0,0,0,0,8,8,0,0,0,9,3,6,17.61,43.67,0,0,5,4,0,0,0,0,3,1,1,58,37.1
1120,4,2,1,12390,1530,10443,2362,20,1545,0,0,13,817,20,1512,1,6011,38,24,13,10,594,3,198,4,165,2,207,11,131,1,381,0,0,2,61,0,625,7,7,1,1,2,1,1,1,40,21,19,5,3,2,3,1,2,9,6,3,9,4,5,8,4,4,6,3,3,0,0,18,18,18,0,0,0,0,0,0,0,0,0,5,2,0,0,0,10,5,5,16.85,40.9,0,0,5,5,0,0,0,0,5,1,2,61,40
1121,4,2,1,17179,4835,6327,3323,30,2543,0,0,4,780,19,2202,1,13405,36,31,16,11,722,3,412,4,162,2,238,7,183,1,698,2,128,4,187,0,593,7,6,1,1,1,1,1,1,38,21,17,8,5,3,7,2,5,0,0,0,6,4,2,9,4,5,8,6,2,4,0,13,13,13,0,0,0,0,0,0,0,0,0,1,3,0,0,0,10,4,6,14.83,38.4,0,1,7,2,0,1,0,1,4,1,2,61,40.01
1122,4,1,1,137256,6600,17162,6645,55,5729,0,0,8,916,48,5314,1,19007,71,43,34,26,2179,9,810,5,294,2,703,13,625,2,1217,0,0,6,199,0,618,17,15,2,2,2,3,3,3,360,181,179,53,27,26,49,29,20,55,28,27,72,23,49,57,33,24,74,41,33,10,0,87,87,87,0,0,0,0,0,0,0,0,0,26,11,0,0,0,23,7,16,13,40.74,0,0,18,5,0,0,0,0,4,1,1,61,37.07
1123,4,1,1,20124,6830,9418,6919,67,4875,0,0,3,2044,46,4231,1,19151,30,116,55,28,2430,13,1122,5,396,1,270,21,644,0,0,1,66,1,72,0,1919,23,22,3,3,4,4,4,4,533,273,260,70,28,42,76,43,33,95,52,43,73,43,30,105,56,49,114,51,63,7,0,123,123,123,0,0,0,0,0,0,0,0,0,29,27,0,0,0,34,14,20,11.44,35.18,0,0,27,7,0,0,0,0,4,1,1,61,43.05
1124,4,1,1,22272,12372,9900,8427,60,6817,0,0,19,1610,56,4950,1,19193,60,37,66,40,3690,10,810,7,468,2,842,18,987,1,980,0,0,1,45,0,605,35,28,3,3,4,5,6,7,604,321,283,91,50,41,75,40,35,87,45,42,94,56,38,110,58,52,147,72,75,0,0,195,195,195,0,0,0,7,0,7,10,0,0,345,143,0,0,7,40,8,32,16.2,42.4,0,0,31,9,0,1,1,0,5,1,1,60,39.01
1125,4,1,1,16709,2087,14622,7603,9,1567,68,3658,4,2378,76,5160,1,16881,20,74,43,29,1910,11,807,11,844,2,592,26,677,1,598,0,0,1,2175,0,0,26,21,3,4,3,4,4,3,526,273,253,79,42,37,97,50,47,78,43,35,91,44,47,99,53,46,82,41,41,9,0,99,99,99,0,0,0,0,0,0,0,0,0,43,23,0,0,0,33,8,25,15.73,39.82,0,0,11,21,1,0,0,0,5,1,1,58,35
1126,3,2,1,15096,1588,13508,2379,19,1394,0,0,9,985,18,1369,1,5521,50,29,16,10,770,4,289,7,285,2,246,4,146,1,86,0,0,0,0,0,557,7,7,1,1,1,1,1,2,57,29,28,14,8,6,6,3,3,8,2,6,12,7,5,6,4,2,11,5,6,2,0,10,10,10,0,0,0,0,0,0,1,0,0,6,11,0,0,0,10,2,8,17.92,41.6,0,0,5,5,0,0,0,0,3,1,1,60,39
1127,3,1,1,14240,11432,2808,13587,74,7722,0,0,21,5865,58,5902,1,23428,30,96,116,62,5952,7,861,4,291,2,1169,19,953,1,1167,0,0,0,0,0,3194,52,52,7,8,9,9,9,10,1460,742,718,219,109,110,221,114,107,254,133,121,238,124,114,247,130,117,281,132,149,11,0,291,291,291,0,0,0,5,2,3,1,0,0,92,82,0,1,2,78,13,65,13.76,37.42,0,0,55,23,0,1,0,1,9,1,1,56,37
1128,3,1,1,10407,6181,4226,6724,47,4584,0,0,10,2140,34,3584,1,14124,40,64,18,24,1910,4,406,14,856,1,662,11,372,1,764,0,0,2,100,0,1654,19,15,2,2,2,3,3,3,370,172,198,51,23,28,52,21,31,56,24,32,62,34,28,75,36,39,74,34,40,6,0,102,102,102,0,0,0,0,0,0,0,0,0,19,29,0,0,0,22,4,18,16.66,39.41,0,0,15,7,0,1,0,1,5,1,1,61,40.11
1129,3,1,1,15980,7615,8365,5202,32,3382,0,0,17,1820,22,2722,1,7747,48,36,39,17,1122,8,528,5,264,3,368,10,507,1,987,0,0,4,173,1,1253,14,14,2,2,2,2,2,4,284,144,140,36,17,19,43,24,19,50,30,20,48,20,28,48,24,24,59,29,30,1,1,85,85,85,0,0,0,1,1,0,0,0,0,22,15,1,0,0,22,10,12,8.21,32.5,0,0,19,3,0,0,0,0,3,1,1,61,38.02
1130,3,1,1,38207,5357,31258,9506,57,5907,0,0,34,3599,12,1269,1,8156,35,73,30,34,2753,23,1518,10,634,2,378,17,516,1,1580,0,0,4,192,0,1935,21,21,2,3,3,4,4,5,485,247,238,56,30,26,65,29,36,73,36,37,84,47,37,87,46,41,120,59,61,16,1,124,124,124,0,0,0,0,0,0,1,0,0,53,41,0,0,0,32,6,26,14.45,38.84,0,0,22,10,0,0,0,0,3,1,2,58,31.01
1131,3,1,1,38518,4460,5400,7225,38,4427,0,0,18,2798,37,4361,1,18670,96,31,45,28,3616,6,517,5,350,0,0,15,420,1,546,0,0,1,6,0,1770,23,22,3,3,4,4,4,4,533,278,255,82,48,34,79,43,36,88,45,43,85,46,39,96,48,48,103,48,55,18,0,153,153,153,0,0,0,2,0,2,0,0,0,35,32,0,1,1,32,5,27,13.81,37.22,0,0,23,9,0,1,1,0,4,1,1,62,42.01
1132,3,1,1,17208,2514,13704,6001,35,3551,0,0,23,2450,31,2926,1,10401,54,38,27,19,1370,12,940,8,495,2,529,15,394,1,784,0,0,1,50,0,1439,18,16,2,2,3,2,3,4,353,177,176,52,25,27,38,19,19,60,33,27,53,27,26,63,35,28,87,38,49,15,1,76,76,76,0,0,0,0,0,0,0,0,0,33,15,0,0,0,24,9,15,8.42,32.38,0,1,20,3,0,0,0,0,6,1,1,54,30.07
1133,4,2,1,22950,20015,500,2130,23,1757,0,0,3,373,22,1425,1,5172,18,22,17,8,495,3,215,4,165,1,266,5,177,1,270,1,25,3,132,0,385,7,7,1,1,1,1,1,2,42,26,16,7,2,5,9,6,3,10,8,2,5,2,3,8,5,3,3,3,0,0,0,6,6,6,0,0,0,2,0,2,1,0,0,2,5,0,2,0,11,5,6,14.67,37.45,0,1,5,5,0,0,0,0,5,1,1,61,42.01
1134,4,2,1,21659,2260,18187,2308,21,1717,0,0,8,591,20,1439,1,4181,38,31,23,9,677,5,287,3,132,2,259,5,84,1,284,1,50,3,140,0,395,6,5,1,0,1,0,1,2,27,14,13,2,1,1,3,2,1,6,3,3,3,1,2,6,4,2,7,3,4,0,0,9,9,9,0,0,0,0,0,0,0,0,0,3,2,0,0,0,8,4,4,13.79,40,0,1,6,1,0,2,2,0,3,1,1,60,41
1135,4,2,1,11972,1989,9354,1956,18,1297,0,0,10,659,17,1198,1,2732,34,19,13,10,726,2,91,3,124,2,146,8,188,1,183,1,27,1,40,0,431,8,6,1,1,1,1,1,1,30,14,16,2,1,1,7,5,2,4,2,2,5,1,4,6,2,4,6,3,3,0,0,4,4,4,0,0,0,0,0,0,0,0,0,0,0,0,0,0,9,2,7,19.39,42.44,0,0,3,6,0,0,0,0,2,1,1,59,37.07
1137,4,2,1,26427,10707,8040,2657,21,1501,0,0,13,1156,19,1656,1,5850,28,17,15,8,670,4,248,6,231,2,180,6,188,1,393,2,106,5,187,0,454,6,7,1,1,1,2,1,1,37,23,14,3,3,0,7,3,4,8,6,2,7,4,3,5,2,3,7,5,2,22,0,7,7,7,0,0,0,0,0,0,0,0,0,4,1,0,0,0,12,7,5,11.18,35.83,0,0,10,2,0,0,0,0,3,1,1,62,40.01
1138,4,2,1,20026,1216,10198,1882,12,802,0,0,16,1080,6,330,1,4466,50,36,9,9,627,3,165,3,132,1,175,6,127,0,0,0,0,6,153,0,503,7,6,1,1,1,1,1,1,39,15,24,8,4,4,7,3,4,7,4,3,5,0,5,6,2,4,6,2,4,1,0,8,8,8,0,0,0,0,0,0,0,0,0,8,3,0,0,0,9,5,4,17.9,40.78,0,0,5,4,0,0,0,0,3,1,1,60,39.01
1139,4,2,1,22219,15365,2863,3559,35,2365,0,0,9,1194,35,2365,1,12831,30,35,13,10,619,8,669,11,310,2,198,11,233,1,494,0,0,1,45,0,991,7,7,1,1,1,1,1,2,77,39,38,9,5,4,12,5,7,15,7,8,12,8,4,20,10,10,9,4,5,0,0,18,18,18,0,0,0,0,0,0,0,0,0,3,3,0,0,0,12,4,8,16.52,39.92,0,0,5,7,0,0,0,0,4,1,2,50,29.08
1140,4,2,1,21345,4452,14578,2475,18,1342,0,0,17,1133,17,1309,1,5915,15,27,10,12,827,6,407,4,189,2,231,5,175,0,0,1,56,5,417,0,173,7,7,1,1,1,2,1,1,54,27,27,8,5,3,10,4,6,11,4,7,10,5,5,8,6,2,7,3,4,12,0,14,14,14,0,0,0,1,1,0,2,0,0,5,5,0,0,0,12,6,6,13.6,38.5,0,0,11,1,0,0,0,0,6,1,1,60,41.04
1141,4,1,1,20778,7588,11102,7588,45,3487,0,0,37,4101,46,3478,1,14821,45,46,35,28,2334,6,486,17,628,2,254,23,726,1,1240,0,0,5,241,0,1679,19,19,3,3,3,3,3,4,404,213,191,56,29,27,66,35,31,72,33,39,69,38,31,74,35,39,67,43,24,14,0,94,94,94,0,0,0,0,0,0,0,0,0,29,24,0,0,0,29,15,14,13.01,36.72,0,0,16,13,0,0,0,0,5,1,1,57,35.09
1142,3,1,1,13819,5127,8279,6749,42,5091,0,0,33,1658,40,4988,1,14351,60,20,29,20,1386,12,792,11,627,2,450,21,640,1,590,2,103,6,433,0,1728,15,13,1,2,2,2,2,4,281,148,133,28,16,12,35,18,17,38,21,17,53,26,27,56,28,28,71,39,32,15,0,88,88,88,0,0,0,0,0,0,1,0,0,16,24,0,0,0,21,8,13,16.8,40.86,0,1,13,7,0,0,0,0,4,1,1,58,35.01
1143,3,1,1,15427,7348,8009,9053,22,4601,47,3468,3,984,55,5335,1,19708,33,65,44,44,3162,7,815,13,881,1,409,3,491,1,830,1,85,2,246,0,2134,33,33,5,5,5,6,5,7,934,469,465,137,66,71,129,60,69,145,71,74,171,81,90,152,78,74,200,113,87,6,0,221,221,220,1,0,0,0,0,0,0,1,0,40,33,0,0,0,46,17,29,23.42,47.28,1,1,41,3,0,1,1,0,5,1,1,59,35.07
1144,3,1,1,19467,14967,4500,10787,37,3488,0,0,56,7299,28,1867,1,18245,68,70,70,41,3251,4,771,7,376,1,599,23,369,1,1135,0,0,16,4286,0,0,17,17,3,2,3,3,3,3,396,211,185,60,34,26,43,22,21,63,32,31,65,37,28,85,40,45,80,46,34,3,0,123,123,123,0,0,0,1,0,1,1,0,0,32,33,0,0,1,27,6,21,14.18,38.52,0,2,23,2,0,1,1,0,4,1,1,59,36.01
1145,3,1,1,14660,9077,5583,11301,58,5293,0,0,63,6008,69,6067,1,21106,36,83,105,47,3124,13,1120,18,898,4,852,33,668,1,953,0,0,5,241,0,3445,30,30,4,4,5,5,5,7,791,406,385,116,64,52,109,55,54,131,58,73,136,68,68,134,71,63,165,90,75,12,0,198,198,198,0,0,0,2,1,1,1,0,0,54,54,0,1,0,45,18,27,16.14,41.4,0,1,39,5,0,0,0,0,5,1,1,60,43.01
1146,3,1,2,37634,25965,11669,9371,0,0,83,9371,0,0,61,4768,1,14311,69,103,6,21,1566,28,2422,11,614,1,393,21,722,1,670,0,0,0,0,0,2984,18,12,1,2,2,2,2,3,280,142,138,27,16,11,37,19,18,35,20,15,42,24,18,56,26,30,83,37,46,0,0,126,126,126,0,0,0,7,1,6,1,0,0,24,30,1,0,6,18,7,11,24.26,47.83,0,0,13,5,0,4,1,3,4,1,1,59,38.09
1147,4,2,1,32542,3447,8203,1929,1,68,14,982,18,879,3,176,1,6718,32,12,8,9,729,2,67,6,243,2,136,4,117,0,0,0,0,8,377,2,260,8,7,1,1,1,1,1,2,34,20,14,5,3,2,5,3,2,6,3,3,5,2,3,6,3,3,7,6,1,4,0,9,9,9,0,0,0,0,0,0,0,0,0,2,2,0,0,0,10,5,5,18.66,43,0,0,8,2,0,0,0,0,5,1,1,61,36.02
1148,4,2,1,16254,8578,7676,2787,16,1955,0,0,11,832,16,1922,1,8180,25,25,17,8,552,3,222,4,165,2,273,5,125,1,866,2,95,2,104,0,385,6,6,1,1,1,1,1,1,28,13,15,2,0,2,5,4,1,4,1,3,5,2,3,5,4,1,7,2,5,0,0,12,12,12,0,0,0,0,0,0,0,0,0,0,0,0,0,0,11,5,6,19.12,42.55,0,0,7,4,0,0,0,0,5,1,2,56,37.01
1149,4,2,1,18923,7351,6900,2561,21,1546,0,0,14,1015,14,879,1,9355,64,18,24,13,963,3,222,5,341,0,0,9,297,1,180,3,95,1,32,0,431,7,7,1,1,1,1,2,1,58,34,24,11,5,6,11,7,4,6,3,3,13,9,4,9,7,2,8,3,5,0,0,19,17,17,0,2,0,0,0,0,0,0,0,5,5,0,0,0,10,3,7,20.74,44.1,0,0,7,3,0,1,0,1,5,1,1,58,35.01
1150,4,2,1,19907,12709,5185,3405,28,2495,0,0,8,910,17,1234,1,6001,20,10,12,12,930,4,265,4,157,3,231,8,231,1,818,2,109,2,104,0,560,6,6,1,1,1,1,1,1,49,26,23,10,4,6,5,3,2,8,5,3,8,5,3,9,2,7,9,7,2,8,0,4,4,4,0,0,0,0,0,0,0,0,0,1,1,0,0,0,10,4,6,22.72,47,0,1,9,0,0,1,0,1,5,1,1,59,37.03
1151,4,2,1,12070,1261,10809,2111,19,1196,0,0,13,915,15,1070,1,7154,16,17,13,9,827,3,198,3,132,2,165,9,293,0,0,4,126,1,86,1,284,6,5,1,0,1,1,1,1,33,17,16,4,3,1,0,0,0,10,5,5,4,1,3,6,4,2,9,4,5,2,0,7,7,7,0,0,0,0,0,0,0,0,0,2,2,0,0,0,8,3,5,18.92,40.25,0,0,7,1,0,0,0,0,4,1,1,61,43.04
1152,4,2,1,15888,8559,5718,2490,20,1488,0,0,7,1002,19,1488,1,7247,30,47,11,9,798,6,378,3,132,1,180,3,131,0,0,1,50,4,119,0,702,6,6,1,1,1,1,1,1,50,23,27,11,4,7,6,2,4,5,3,2,8,3,5,9,3,6,11,8,3,4,0,4,4,4,0,0,0,0,0,0,0,0,0,5,13,0,0,0,11,4,7,18.47,43.82,0,0,7,4,0,0,0,0,4,1,1,55,33.01
1153,4,2,1,47575,6150,16658,3828,34,2779,0,0,11,1049,33,2646,1,10149,25,23,19,12,792,5,297,4,165,2,295,7,140,1,786,11,510,3,181,0,662,9,7,1,1,1,1,1,2,49,24,25,7,4,3,11,8,3,8,3,5,4,1,3,13,6,7,6,2,4,13,0,16,16,16,0,0,0,0,0,0,0,0,0,5,4,0,0,0,12,5,7,13.55,39.33,0,0,9,3,0,1,0,1,4,1,1,60,36.03
1154,4,1,1,23901,18479,5188,7442,58,7339,0,0,2,103,51,5454,1,16543,50,19,22,36,2785,2,270,4,249,2,673,9,316,1,1386,1,60,5,214,0,1489,33,20,3,3,4,3,3,4,494,270,224,76,41,35,75,38,37,77,45,32,85,50,35,83,40,43,98,56,42,22,0,105,105,105,0,0,0,0,0,0,0,0,0,21,22,0,0,0,35,11,24,15.51,41.09,0,0,26,9,0,1,1,0,4,1,1,60,35.08
1155,4,1,1,18107,13472,4635,9547,0,0,64,5350,20,4197,64,5350,1,15065,50,40,77,40,2879,13,1002,6,322,5,654,15,627,1,816,0,0,3,80,1,3167,38,38,6,6,6,7,6,7,1132,579,553,169,86,83,188,93,95,182,93,89,200,104,96,195,111,84,198,92,106,7,0,238,238,238,0,0,0,1,1,0,2,0,0,172,118,0,0,0,53,20,33,14.36,38.17,2,1,47,3,0,1,0,1,6,1,1,61,40.11
1156,4,1,1,70533,4563,33643,8864,10,2831,43,3232,12,2801,45,4843,1,15283,36,28,23,22,1647,7,679,11,421,2,507,17,617,2,2180,1,245,3,176,0,2392,18,12,2,2,3,1,2,2,236,128,108,38,24,14,41,26,15,40,16,24,26,13,13,48,27,21,43,22,21,23,0,65,65,65,0,0,0,0,0,0,0,0,0,20,17,0,0,0,22,7,15,18.73,44.09,0,0,19,3,0,2,1,1,9,1,1,53,33.11
1157,3,1,1,13229,3264,9965,7530,47,3630,0,0,29,3900,47,3630,1,16741,82,109,34,24,1782,17,1254,12,594,1,310,19,498,1,198,1,84,1,52,0,2758,19,19,3,3,3,4,3,3,510,256,254,87,48,39,67,32,35,78,34,44,107,51,56,80,47,33,91,44,47,5,0,129,129,129,0,0,0,1,1,0,0,0,0,39,40,0,0,0,28,9,19,19.39,43.57,0,1,19,8,0,1,0,1,5,1,1,58,36
1158,3,1,1,16213,3077,13136,9267,73,6181,0,0,24,3086,65,5804,1,17146,30,81,117,43,3126,9,798,21,977,1,224,20,580,2,1099,1,82,0,0,0,2381,38,38,5,6,6,7,7,7,1095,586,509,155,95,60,177,83,94,173,89,84,192,94,98,196,106,90,202,119,83,8,0,262,262,262,0,0,0,4,4,0,3,0,0,60,57,2,0,2,56,13,43,23.73,47.7,0,0,53,3,0,2,1,1,4,1,2,61,41.11
1159,3,1,1,25734,18821,6833,10987,12,817,55,5525,47,4645,68,6143,1,19046,62,78,69,49,3525,8,724,16,570,2,622,32,734,1,928,1,82,5,426,0,3376,39,40,5,6,6,7,7,9,1117,595,522,147,76,71,155,72,83,159,79,80,199,108,91,213,111,102,244,149,95,5,0,275,275,275,0,0,0,5,5,0,0,0,0,46,37,5,0,0,52,25,27,20.4,43.71,0,0,41,11,0,1,1,0,6,1,1,58,36.05
1160,3,1,1,17375,8239,9136,7962,52,4708,0,0,16,3254,48,3168,1,7516,45,75,40,22,1518,15,990,14,1045,3,688,12,856,1,967,0,0,1,80,0,1818,17,18,3,3,4,2,3,3,442,233,209,84,41,43,66,37,29,70,40,30,64,35,29,76,38,38,82,42,40,4,0,86,86,86,0,0,0,0,0,0,1,0,0,23,66,0,0,0,27,8,19,16.77,39.81,0,0,21,6,0,1,0,1,4,1,1,61,41
1161,3,1,1,10970,6870,4100,12412,69,5165,0,0,24,7247,27,2354,1,21170,12,99,70,46,3268,9,611,12,618,2,614,24,758,0,0,0,0,0,0,0,6543,41,42,8,7,7,7,6,7,1200,631,569,229,118,111,215,113,102,197,101,96,191,105,86,173,94,79,195,100,95,6,0,206,206,206,0,0,0,6,6,0,1,0,0,70,41,0,0,0,63,21,42,15.93,44.03,0,0,53,10,0,1,0,1,3,1,1,57,34.11
1162,3,1,1,12448,2057,10391,4501,40,2910,0,0,13,1591,38,2810,1,14371,50,54,37,23,1518,9,649,4,198,2,440,11,296,0,0,0,0,4,149,0,1251,20,19,3,3,3,3,3,4,482,247,235,69,35,34,72,40,32,75,44,31,85,42,43,80,39,41,101,47,54,2,0,104,104,104,0,0,0,0,0,0,0,0,0,30,11,0,0,0,30,10,20,15.56,39.17,0,1,20,9,0,1,0,1,5,1,1,55,34.1
1163,4,2,1,23319,1506,21813,2333,28,2333,0,0,0,0,21,1421,1,7804,40,15,20,12,902,2,132,6,222,2,266,3,183,0,0,1,43,2,55,0,530,8,6,0,1,2,1,1,1,36,24,12,1,0,1,9,6,3,7,4,3,7,3,4,5,4,1,7,7,0,2,0,17,17,17,0,0,0,0,0,0,0,0,0,3,4,0,0,0,11,6,5,21.95,45.82,0,0,9,2,0,0,0,0,4,1,1,60,38.1
1164,4,2,1,12258,693,11565,1682,17,1043,1,128,7,511,8,615,1,8282,24,28,4,7,492,2,198,4,130,1,128,7,189,1,126,1,35,2,51,0,333,5,4,1,0,0,1,1,1,30,15,15,5,3,2,0,0,0,3,1,2,12,6,6,5,3,2,5,2,3,3,0,11,11,11,0,0,0,0,0,0,0,0,0,3,2,0,0,0,8,3,5,26.54,49.63,0,0,4,4,0,0,0,0,3,1,1,58,37.09
1165,4,2,1,13759,3263,10496,1866,23,1751,0,0,2,115,17,1303,1,11842,25,34,15,9,655,3,195,5,178,2,267,5,99,0,0,0,0,1,31,0,441,6,6,1,1,1,1,1,1,51,25,26,15,7,8,5,2,3,8,5,3,7,2,5,7,4,3,9,5,4,8,0,13,13,13,0,0,0,0,0,0,0,0,0,1,1,0,0,0,11,6,5,21.13,42.55,0,0,8,3,0,0,0,0,5,1,1,58,36.01
1166,4,2,1,13139,4143,7625,2121,9,649,13,724,9,748,21,1440,1,10078,19,23,5,12,861,3,229,3,132,2,183,5,143,0,0,3,59,3,115,0,399,3,3,1,0,0,0,1,1,22,9,13,3,1,2,2,2,0,5,2,3,0,0,0,7,1,6,5,3,2,5,0,5,5,5,0,0,0,0,0,0,1,0,0,4,1,0,0,0,7,4,3,16.33,40.71,0,0,6,1,0,0,0,0,4,1,1,55,35.01
1167,4,2,1,9157,1014,8143,1344,16,998,0,0,5,346,7,499,1,6678,10,25,15,8,588,2,144,4,123,1,84,2,46,0,0,1,57,3,75,0,227,6,6,1,1,1,1,1,1,46,18,28,8,3,5,11,3,8,8,3,5,3,3,0,10,5,5,6,1,5,0,0,7,7,7,0,0,0,0,0,0,0,0,0,4,8,0,0,0,10,5,5,23.73,46.8,0,0,9,1,0,0,0,0,4,1,1,61,40.11
1168,4,2,1,8628,3310,5318,2914,25,1989,0,0,14,925,25,1989,1,7727,24,29,30,9,657,4,285,5,155,6,202,10,147,1,573,0,0,4,153,0,742,7,6,1,1,1,1,1,1,53,27,26,7,2,5,10,7,3,5,4,1,10,5,5,11,5,6,10,4,6,0,0,7,7,7,0,0,0,0,0,0,0,0,0,5,7,0,0,0,13,5,8,16.14,40.15,0,0,10,3,0,0,0,0,4,1,1,57,35.07
1169,4,2,1,135216,1334,8697,2943,38,2435,0,0,2,508,16,990,1,8342,33,27,25,9,647,3,218,4,162,2,246,5,181,1,237,14,684,2,49,0,519,7,7,1,1,1,2,1,1,64,34,30,9,3,6,11,6,5,10,5,5,13,7,6,12,8,4,9,5,4,1,0,12,12,12,0,0,0,0,0,0,0,0,0,1,2,0,0,0,13,6,7,11.03,36.08,0,0,10,3,0,0,0,0,3,1,1,57,34.11
1170,4,2,1,14278,1196,13082,2054,20,1358,0,0,11,696,18,1255,1,12778,18,26,23,9,614,4,271,10,414,2,238,5,172,0,0,0,0,1,5,0,340,7,7,1,1,1,1,1,2,45,29,16,9,7,2,2,0,2,8,6,2,6,4,2,12,8,4,8,4,4,8,0,13,13,13,0,0,0,0,0,0,0,0,0,8,5,0,0,0,12,7,5,17.54,40.58,0,1,8,3,0,2,0,2,3,1,1,62,40.01
1171,4,1,1,66162,21114,4433,6966,43,2922,34,2127,20,1917,42,3618,1,18066,90,41,41,22,1562,7,462,10,459,3,278,14,952,1,813,31,1326,9,165,0,949,17,16,3,2,3,3,3,2,315,150,165,45,16,29,39,17,22,62,31,31,59,30,29,60,30,30,50,26,24,9,0,77,77,77,0,0,0,0,0,0,0,0,0,17,30,0,0,0,24,9,15,14.41,38.29,0,0,19,5,0,0,0,0,9,1,1,52,31.01
1172,4,1,1,13806,8346,5460,9892,86,5534,0,0,28,4358,68,5001,1,12153,40,135,97,54,3303,11,602,23,875,4,765,19,568,1,545,0,0,2,496,0,2738,38,38,6,6,7,7,6,6,970,514,456,165,80,85,164,94,70,162,85,77,155,75,80,160,99,61,164,81,83,8,0,149,149,149,0,0,0,0,0,0,0,0,0,63,36,0,0,0,53,15,38,19.07,43.32,0,2,34,15,2,0,0,0,4,1,1,61,38.01
1173,4,1,1,25073,14097,6604,6296,39,4116,0,0,21,2180,9,2103,1,13372,60,47,68,28,1896,5,429,9,395,1,774,13,443,1,834,1,31,2,39,0,1455,22,18,3,3,3,3,3,3,402,190,212,70,37,33,61,27,34,71,30,41,66,27,39,56,31,25,78,38,40,3,0,79,79,79,0,0,0,0,0,0,0,0,0,51,25,0,0,0,30,14,16,10.6,34.8,0,0,23,7,0,0,0,0,7,1,2,62,42.05
1174,3,1,1,9810,3344,6466,6023,46,4016,0,0,28,2007,55,4034,1,8825,54,57,92,31,2160,3,215,10,415,2,676,23,408,0,0,0,0,3,116,2,2033,30,28,4,4,5,5,5,5,723,381,342,114,62,52,101,57,44,126,73,53,107,46,61,127,70,57,148,73,75,2,0,163,163,163,0,0,0,10,5,5,3,0,0,76,59,5,0,5,38,8,30,10.93,35.58,0,0,33,5,0,2,0,2,5,1,1,62,44.01
1175,3,1,1,12947,9326,3621,7767,51,3783,0,0,48,3984,1,33,1,12683,36,101,76,35,2403,12,825,22,882,2,487,27,910,0,0,0,0,1,18,0,2242,29,27,4,4,4,4,4,7,678,362,316,101,62,39,105,56,49,108,59,49,110,54,56,100,46,54,154,85,69,2,0,150,150,150,0,0,0,1,0,1,0,0,0,40,18,0,0,1,47,9,38,12.12,35.77,0,0,35,11,1,2,1,1,4,1,1,61,39.07
1176,3,1,1,16466,9813,6653,7594,16,1924,38,2598,32,3072,40,3601,1,12724,64,38,24,36,2470,8,609,8,277,2,363,25,451,1,918,0,0,4,217,2,2289,34,35,6,6,6,5,6,6,899,457,442,155,72,83,148,71,77,146,76,70,135,70,65,154,82,72,161,86,75,8,0,173,173,173,0,0,0,0,0,0,1,0,0,52,41,0,0,0,55,7,48,18.21,41.56,0,0,48,7,0,1,0,1,5,1,1,61,40.03
1177,3,1,1,13172,9173,3999,15167,96,8359,0,0,41,6808,86,8006,1,22539,70,169,98,60,4231,12,1423,19,809,2,826,43,943,1,924,0,0,0,0,0,6011,59,59,11,8,9,11,9,11,1750,912,838,310,156,154,262,120,142,279,163,116,326,177,149,260,133,127,313,163,150,5,0,280,280,280,0,0,0,3,0,3,3,0,0,101,50,0,3,0,81,25,56,11.91,35.7,0,0,56,25,0,2,0,2,6,1,1,58,36.01
1178,3,1,1,29604,4722,9910,9283,75,5880,0,0,19,3403,67,4900,1,18924,52,55,80,39,2880,10,1221,9,393,2,291,16,823,1,779,1,57,16,658,0,2181,35,37,5,5,7,6,7,7,890,475,415,135,71,64,112,49,63,163,89,74,142,79,63,161,95,66,177,92,85,10,1,208,208,208,0,0,0,0,0,0,0,0,0,48,48,0,0,0,55,12,43,14.27,38.29,0,0,36,19,0,1,0,1,5,1,1,60,39.01
1179,3,1,1,12781,5217,7359,8161,79,6785,0,0,13,1376,58,4636,1,13428,53,93,55,34,2277,8,594,18,879,2,583,27,604,1,819,1,62,1,36,0,2307,29,29,4,4,5,5,5,6,675,355,320,101,52,49,89,57,32,99,58,41,131,66,65,113,60,53,142,62,80,15,0,166,166,166,0,0,0,2,1,1,3,0,0,34,40,0,0,0,43,12,31,16.36,39.58,1,0,32,10,0,2,0,2,5,1,1,57,37.01
1180,3,1,1,21048,3717,5637,12774,0,0,90,6988,48,5786,86,6570,1,23867,79,75,76,46,3256,21,1672,26,1622,2,722,39,992,3,198,0,0,1,40,0,4272,41,41,6,5,6,9,7,8,1048,531,517,164,77,87,131,67,64,159,79,80,198,104,94,187,95,92,209,109,100,7,0,243,243,243,0,0,0,2,0,2,1,0,0,61,45,0,1,1,58,11,47,17.31,43.29,0,3,48,7,0,3,1,2,5,1,1,58,36.01
1181,3,1,1,11836,7572,4264,8444,49,4941,0,0,32,3503,255,4394,1,13081,45,62,21,19,1384,18,1400,12,718,2,550,29,656,1,691,0,0,0,0,0,3045,18,18,2,3,2,3,4,4,397,223,174,55,29,26,57,30,27,50,23,27,70,39,31,75,42,33,90,60,30,7,0,118,118,118,0,0,0,0,0,0,0,1,0,40,43,0,0,0,30,3,27,18.24,43.2,0,1,28,1,0,3,1,2,6,1,1,56,35.05
1182,3,1,1,13729,9219,4510,5975,8,1144,30,2309,18,2522,37,3427,1,9168,51,48,11,20,1465,10,879,8,411,1,700,10,250,1,597,0,0,6,247,0,1426,17,16,2,1,4,2,4,3,289,157,132,34,24,10,26,17,9,64,35,29,43,20,23,63,27,36,59,34,25,6,0,67,67,67,0,0,0,3,2,1,0,0,0,16,12,1,1,0,25,5,20,12.19,37.48,0,1,16,8,0,2,1,1,5,1,2,59,36.09
1183,4,2,1,28462,9486,4681,2293,20,1354,0,0,7,939,19,1330,1,5984,24,18,19,9,648,5,325,3,161,2,196,4,149,0,0,1,58,3,99,0,657,6,6,1,1,1,1,1,1,43,21,22,5,2,3,8,5,3,10,4,6,5,4,1,6,1,5,9,5,4,0,0,15,15,15,0,0,0,0,0,0,0,0,0,2,2,0,0,0,9,3,6,17.58,41.78,0,0,7,2,0,1,1,0,4,1,1,57,34.07
1184,4,2,1,13351,4547,5220,2411,22,1516,0,0,7,895,21,1454,1,7237,21,16,25,10,754,2,165,6,230,2,324,5,82,0,0,1,51,3,127,0,678,7,7,1,1,1,2,1,1,25,13,12,2,0,2,5,4,1,4,3,1,3,0,3,4,2,2,7,4,3,0,0,10,10,10,0,0,0,1,0,1,0,0,0,6,2,0,1,0,11,4,7,17.68,42,0,0,7,3,1,0,0,0,0,1,1,58,35.1
1185,4,2,1,30288,9301,4028,2163,19,1345,0,0,9,818,18,1356,1,8189,60,24,20,9,721,3,129,4,142,2,344,8,141,0,0,1,53,1,39,0,594,6,6,1,1,1,1,1,1,41,20,21,5,2,3,6,3,3,7,3,4,10,3,7,6,6,0,7,3,4,1,0,11,11,11,0,0,0,0,0,0,0,0,0,5,5,0,0,0,10,4,6,16.84,39.3,0,0,7,3,0,0,0,0,5,1,1,62,40
1186,4,2,1,10921,1475,7601,2272,2,262,13,812,13,1198,15,1074,1,5584,28,32,23,7,488,3,195,3,129,2,262,8,117,1,393,0,0,4,71,0,617,3,3,0,0,1,0,1,1,22,15,7,3,2,1,0,0,0,2,2,0,1,0,1,7,5,2,9,6,3,0,0,13,13,13,0,0,0,0,0,0,0,0,0,1,4,0,0,0,8,7,1,15.91,42,0,0,5,3,0,1,0,1,3,1,1,60,38.07
1187,4,2,1,44168,9448,6716,1888,13,794,6,405,12,689,7,487,1,5408,46,27,23,8,574,4,204,3,136,2,227,9,212,0,0,0,0,5,123,0,412,6,7,1,1,1,2,1,1,61,31,30,10,4,6,11,3,8,11,8,3,9,6,3,10,4,6,10,6,4,3,0,6,6,6,0,0,0,0,0,0,0,0,0,6,3,0,0,0,11,3,8,17.67,40.64,0,0,6,5,0,0,0,0,4,1,1,60,39.01
1188,4,2,1,10860,6665,3831,2818,19,2140,0,0,3,678,12,1836,1,3484,33,25,5,19,2716,0,0,1,26,0,0,0,0,0,0,0,0,2,76,0,0,15,6,1,1,1,1,1,1,54,25,29,7,4,3,9,1,8,12,6,6,5,2,3,12,5,7,9,7,2,3,0,18,18,18,0,0,0,0,0,0,0,0,0,1,5,0,0,0,10,5,5,23.54,48,0,0,5,4,1,0,0,0,5,1,2,59,38.01
1189,4,1,1,12000,8963,3037,10030,75,5885,0,0,31,4145,75,5885,1,11141,30,88,62,48,3460,4,514,20,750,2,558,31,580,1,587,0,0,0,0,0,3581,42,39,6,6,7,7,6,7,993,516,477,159,80,79,135,70,65,181,97,84,182,83,99,170,96,74,166,90,76,3,0,199,199,199,0,0,0,5,2,3,2,2,0,60,62,2,0,3,55,13,42,17.98,41.04,0,0,43,11,1,2,1,1,4,1,1,59,37
1190,4,1,1,11534,8102,3432,11334,71,5065,6,1319,42,4950,77,6438,1,16460,36,298,154,49,3250,9,811,22,756,2,1082,30,939,1,652,0,0,6,550,0,3294,42,42,7,6,7,7,6,9,1162,589,573,196,104,92,183,100,83,196,106,90,197,100,97,169,89,80,221,90,131,3,0,195,195,195,0,0,0,3,2,1,2,0,0,52,43,2,0,1,56,14,42,13.28,37.05,0,0,34,21,1,3,0,3,4,1,1,56,35
1191,4,1,1,18548,12698,5850,6819,46,4988,0,0,16,1831,45,4918,1,12038,45,47,50,29,2022,5,531,7,396,2,522,15,329,1,1414,1,70,2,90,0,1445,28,28,4,4,4,5,5,6,655,340,315,107,60,47,108,46,62,90,47,43,104,54,50,116,61,55,130,72,58,21,0,140,140,140,0,0,0,0,0,0,4,0,0,12,20,0,0,0,40,14,26,12.68,36.25,0,1,32,7,0,1,0,1,5,1,1,57,36.01
1192,4,1,1,155017,11167,11645,6772,54,4653,0,0,21,2119,53,4687,1,10537,58,101,52,23,1572,15,1333,9,357,2,450,14,399,1,846,0,0,8,378,3,1437,22,22,3,4,3,4,4,4,468,250,218,70,37,33,69,35,34,73,45,28,76,37,39,92,54,38,88,42,46,7,0,117,117,117,0,0,0,3,1,2,1,0,0,19,44,0,1,1,36,12,24,12.48,36.28,0,1,26,8,1,0,0,0,5,1,1,58,37
1193,4,1,2,6627,3209,3418,3368,27,1953,0,0,21,1415,27,1953,1,10874,56,20,25,14,971,4,312,11,213,2,281,12,142,1,225,0,0,4,87,0,1137,13,14,2,3,2,2,3,2,336,169,167,60,30,30,60,28,32,62,31,31,58,31,27,51,26,25,45,23,22,5,5,57,57,57,0,0,0,0,0,0,5,0,0,18,28,0,0,0,19,8,11,10.91,36.32,0,0,18,1,0,0,0,0,3,1,1,60,37.01
1194,3,1,1,18316,8318,9998,8917,57,5060,0,0,36,3857,57,5060,1,16687,64,62,73,40,3151,5,517,14,644,2,831,27,575,1,829,0,0,4,248,0,2122,31,31,4,5,5,5,5,7,788,424,364,125,67,58,125,64,61,121,60,61,128,77,51,125,65,60,164,91,73,5,0,187,187,187,0,0,0,0,0,0,0,0,0,41,40,0,0,0,45,8,37,16.43,39.18,0,0,28,17,0,1,0,1,6,1,2,61,41.01
1195,3,1,1,24127,17666,6223,7299,39,4845,0,0,23,2454,39,4845,1,14015,45,40,48,26,2241,4,484,9,406,1,445,17,360,4,1750,0,0,1,27,0,1586,20,20,3,3,3,3,3,5,562,299,263,92,52,40,89,53,36,90,44,46,91,50,41,90,45,45,110,55,55,17,2,116,116,116,0,0,0,0,0,0,1,0,0,52,33,0,0,0,36,11,25,12.25,36.08,0,0,24,12,0,2,0,2,4,1,1,61,36.06
1196,4,2,1,16970,1925,14669,2312,21,1524,0,0,9,788,20,1524,1,10778,35,36,18,8,855,6,389,5,176,2,201,5,256,0,0,0,0,4,92,0,343,6,6,1,1,1,1,1,1,69,40,29,14,9,5,7,3,4,15,8,7,12,8,4,11,7,4,10,5,5,2,0,14,14,14,0,0,0,0,0,0,0,0,0,0,7,0,0,0,10,4,6,16.75,39.3,0,0,6,4,0,0,0,0,3,1,1,56,36.01
1197,4,1,1,30870,27418,3452,8307,55,4246,0,0,22,4061,61,3926,1,19266,78,36,54,27,2218,10,936,12,429,2,480,19,383,3,1085,0,0,4,110,0,2666,25,25,4,3,4,4,5,5,572,338,234,94,58,36,74,44,30,89,48,41,98,57,41,95,59,36,122,72,50,9,0,138,138,138,0,0,0,4,3,1,0,0,0,41,40,0,1,0,39,10,29,14.38,38.26,0,0,24,14,1,2,0,2,6,1,1,61,39.03
1198,3,1,1,11959,2346,9613,8444,7,757,60,4449,17,3238,67,5206,1,20986,41,86,33,29,2273,14,1463,21,704,2,730,18,402,0,0,0,0,0,0,0,2872,27,24,3,4,3,5,4,5,667,351,316,91,51,40,105,58,47,93,47,46,130,69,61,116,62,54,132,64,68,0,0,137,137,137,0,0,0,1,0,1,4,0,0,72,62,0,1,0,38,6,32,15.38,39.87,0,0,28,10,0,2,0,2,3,1,1,57,36.01
1199,3,1,1,14989,8136,6853,8835,66,5659,0,0,27,3176,13,552,1,19576,36,88,72,34,2497,11,979,17,803,1,210,25,613,2,1308,0,0,3,148,0,2277,27,28,4,4,5,5,4,6,762,378,384,106,41,65,115,59,56,125,68,57,153,84,69,120,58,62,143,68,75,7,1,165,165,165,0,0,0,0,0,0,1,0,0,85,52,0,0,0,44,6,38,13.33,37.25,0,0,31,13,0,1,0,1,4,1,2,61,40.09
1201,3,1,1,11990,8044,3946,8085,1,101,84,5569,1,2415,45,2723,1,22956,80,87,44,40,3318,6,610,12,510,1,225,19,672,3,203,0,0,5,209,0,2338,29,27,5,4,4,5,4,5,743,391,352,128,61,67,116,53,63,107,60,47,135,76,59,114,63,51,143,78,65,1,0,176,176,176,0,0,0,9,0,9,8,0,0,44,66,0,0,9,38,2,36,18.61,43,0,1,28,9,0,0,0,0,4,1,1,59,36
1203,3,1,1,11042,6650,4392,10099,82,5994,0,0,15,4105,73,5300,1,21562,82,84,39,49,3346,16,985,9,567,6,463,11,685,1,518,0,0,5,274,0,3261,38,38,6,6,6,7,6,7,1172,589,583,195,104,91,184,89,95,189,87,102,208,100,108,192,107,85,204,102,102,0,0,222,222,222,0,0,0,7,2,5,2,0,0,84,63,2,0,5,51,7,44,14.85,39.29,0,0,36,15,0,0,0,0,5,1,1,60,37.03
1204,3,1,1,10132,7272,2860,11847,98,7996,0,0,28,3851,98,7996,1,14967,55,79,99,55,4060,9,1148,25,802,2,654,33,962,1,400,0,0,1,32,0,3789,45,44,8,7,7,7,7,8,1191,612,579,210,107,103,205,100,105,209,105,104,193,101,92,181,91,90,193,108,85,4,0,201,201,201,0,0,0,12,3,9,8,0,0,66,80,3,2,7,64,6,58,14.62,38.86,0,0,49,15,0,0,0,0,6,1,1,60,37.06
1205,3,1,1,30432,4264,25648,8562,63,5636,0,0,24,2926,63,5636,1,17303,46,35,28,36,2341,10,850,23,772,2,738,15,549,1,1273,0,0,0,0,0,2039,22,22,3,3,4,3,4,5,517,280,237,78,44,34,59,21,38,72,46,26,86,50,36,102,58,44,120,61,59,11,3,152,152,152,0,0,0,4,4,0,2,0,0,51,52,1,0,2,31,4,27,13.2,37.74,0,1,24,6,0,2,0,2,4,1,1,54,35.01
1206,3,1,1,12500,9350,3150,8528,74,5396,0,0,7,3132,63,4683,1,21836,100,82,40,31,2181,12,1013,19,996,1,295,11,396,0,0,0,0,7,606,0,3041,30,30,5,4,5,5,5,6,807,430,377,144,82,62,106,56,50,124,70,54,153,76,77,126,65,61,154,81,73,3,1,155,155,155,0,0,0,6,2,4,4,0,0,48,52,2,0,4,43,5,38,21.32,45.47,0,0,36,7,0,3,1,2,6,1,1,55,34.01
1207,3,1,1,11556,6056,5500,7527,34,2400,52,3004,0,2123,52,3251,1,22206,58,78,85,57,3962,5,466,12,406,1,168,11,402,0,0,0,0,0,0,0,2123,40,40,6,6,6,7,7,8,1186,633,553,195,96,99,170,84,86,192,99,93,211,104,107,199,113,86,219,137,82,3,0,281,281,281,0,0,0,4,0,4,9,1,0,60,62,4,0,0,58,3,55,21.43,45.41,0,0,45,13,0,2,0,2,5,1,1,61,42
1208,3,1,1,10921,5291,5630,9680,20,1879,49,3463,20,4338,71,5409,1,25333,80,80,70,41,3011,11,825,18,808,1,316,14,775,1,450,0,0,3,466,0,3029,35,35,5,6,5,6,6,7,978,490,488,154,77,77,165,85,80,148,83,65,158,71,87,164,80,84,189,94,95,1,1,207,207,207,0,0,0,8,3,5,7,0,0,61,38,3,0,5,54,4,50,15.49,39.93,0,0,45,9,0,3,1,2,4,1,1,61,40
1209,3,1,1,11566,8205,3361,7941,1,10,73,7931,0,0,74,7941,1,6738,40,39,50,35,2802,4,341,14,690,2,521,16,495,1,744,0,0,2,34,0,2314,31,31,6,5,5,5,4,6,1039,514,525,214,108,106,194,104,90,176,84,92,163,83,80,130,61,69,162,74,88,3,0,130,130,130,0,0,0,4,2,2,4,0,0,60,103,2,0,2,45,6,39,13.69,37.64,0,0,31,14,0,1,0,1,3,1,2,54,34.01
1210,3,1,1,11016,6321,4695,11005,107,6662,0,0,4,4343,85,6007,1,23744,54,168,98,52,3848,18,1315,17,795,2,183,21,655,0,0,0,0,1,34,0,4175,48,48,9,7,8,9,8,7,1286,641,645,228,108,120,206,107,99,218,101,117,224,111,113,203,105,98,207,109,98,19,4,301,301,301,0,0,0,3,0,3,4,0,0,124,98,0,3,0,71,22,49,14.89,38.86,0,0,48,21,2,1,0,1,5,1,1,59,33
1211,3,1,1,9783,4983,4800,10465,91,6445,0,0,3,4020,73,6095,1,26951,80,80,78,43,3190,16,1393,14,643,2,566,15,582,1,746,0,0,3,169,0,3176,32,32,5,4,5,5,7,6,861,430,431,126,67,59,105,58,47,136,55,81,149,71,78,163,87,76,182,92,90,1,1,220,220,220,0,0,0,0,0,0,0,0,0,47,47,0,0,0,46,8,38,15.57,41.2,0,0,32,13,1,1,0,1,6,1,1,60,37.06
1212,3,1,1,16129,7729,8400,7106,74,4760,0,0,1,2346,63,4041,1,18728,54,92,27,35,2490,7,594,19,861,1,180,12,635,0,0,0,0,1,96,0,2250,24,18,2,3,3,3,3,4,446,222,224,60,33,27,63,20,43,80,45,35,71,34,37,73,35,38,99,55,44,28,30,115,115,115,0,0,0,4,3,1,0,0,0,50,60,0,4,0,32,9,23,11.76,36.25,0,0,24,8,0,1,0,1,3,1,2,56,35.07
1213,3,1,1,12506,8016,4490,7857,0,0,72,4269,9,3588,72,4269,1,12824,60,49,37,23,2228,9,741,26,1042,1,421,19,375,0,0,0,0,3,117,0,2933,19,20,3,3,4,3,4,3,444,249,195,71,42,29,78,44,34,76,45,31,74,38,36,82,43,39,63,37,26,5,1,105,105,105,0,0,0,4,2,2,1,0,0,44,37,2,1,1,30,4,26,14.15,38.8,0,1,22,7,0,0,0,0,3,1,1,58,36.07
1214,3,1,1,12080,5743,6337,7437,62,4453,0,0,11,2984,10,1544,1,18007,60,66,41,32,2303,9,789,15,575,1,233,11,372,1,970,0,0,4,118,0,2077,27,27,4,4,4,5,4,6,734,380,354,100,56,44,114,54,60,99,49,50,137,69,68,119,70,49,165,82,83,10,0,173,173,173,0,0,0,0,0,0,0,0,0,43,44,0,0,0,42,5,37,14.78,39,0,0,35,7,0,2,0,2,3,1,1,60,36.02
1215,3,1,1,12312,8502,3810,11598,1,266,142,8811,0,2521,115,8101,1,23786,60,72,56,62,4054,10,989,27,1173,2,762,29,780,3,474,0,0,10,579,0,2787,44,43,7,6,7,8,7,8,1246,649,597,192,96,96,178,86,92,206,104,102,235,117,118,199,115,84,236,131,105,5,1,286,286,286,0,0,0,15,5,10,14,0,0,53,89,4,1,9,61,10,51,16.33,40.72,0,1,46,14,0,2,0,2,4,1,1,59,38.05
1216,3,1,1,11984,2699,9285,8526,74,5484,0,0,1,3042,73,5203,1,11073,60,53,33,28,1912,4,539,17,669,4,749,19,379,1,750,0,0,1,486,1,3042,26,24,4,3,4,4,4,5,673,338,335,128,71,57,81,37,44,120,60,60,110,55,55,109,54,55,125,61,64,7,0,105,105,104,1,0,0,6,3,3,1,0,0,41,36,2,0,2,32,7,25,15.32,40.06,0,0,27,5,0,1,0,1,4,1,1,59,38
1217,3,1,1,13412,7478,5934,8798,82,5456,0,0,8,3342,73,5318,1,19756,74,83,36,43,2904,8,611,13,605,1,264,13,369,11,1220,0,0,1,33,0,2792,31,32,4,4,6,6,5,7,757,409,348,120,65,55,95,59,36,139,67,72,133,70,63,126,66,60,144,82,62,8,1,184,184,184,0,0,0,4,2,2,1,0,0,56,51,2,0,2,48,13,35,16.86,40.75,0,0,33,14,1,0,0,0,5,1,2,57,35
1218,3,1,1,11508,3180,8328,11994,72,5890,0,0,28,6104,72,5890,1,17969,41,82,44,42,3078,9,705,16,658,2,353,28,908,2,1066,0,0,0,0,1,5226,37,37,7,6,5,6,7,6,1051,548,503,180,91,89,175,95,80,151,70,81,181,91,90,193,114,79,171,87,84,15,1,194,194,194,0,0,0,4,4,0,0,0,0,91,53,2,0,0,52,13,39,15.5,39.02,0,0,33,19,0,3,0,3,5,1,1,60,40.01
1220,3,1,1,12578,4000,8578,6069,10,636,45,5433,0,0,11,924,1,15662,70,44,26,26,2178,7,775,12,528,1,231,9,297,0,0,0,0,0,0,0,2060,22,17,2,2,2,3,3,5,404,217,187,43,25,18,60,30,30,59,29,30,82,48,34,62,34,28,98,51,47,26,2,116,116,114,2,0,0,9,2,7,42,0,0,55,30,0,3,3,25,7,18,15.72,40.04,0,0,18,7,0,1,0,1,3,1,1,60,41
1221,3,1,1,13998,8500,5498,9789,20,2047,62,5303,10,2439,43,4023,1,26138,36,88,84,39,2805,8,759,13,726,2,396,27,924,3,693,0,0,0,0,0,3486,34,27,3,3,4,5,5,7,726,399,327,85,44,41,82,44,38,118,64,54,139,86,53,125,62,63,177,99,78,6,0,203,203,203,0,0,0,14,7,7,3,0,0,68,43,7,1,6,41,4,37,15.97,40.73,0,0,36,4,1,1,0,1,5,1,1,57,37.07
1222,3,1,1,11696,7473,4223,9514,73,5416,0,0,32,4098,73,5416,1,17480,68,47,7,40,3406,6,530,20,687,8,767,25,530,0,0,0,0,6,110,0,3484,36,32,4,4,6,5,5,8,902,434,468,117,63,54,115,50,65,168,84,84,152,70,82,157,74,83,193,93,100,6,0,219,219,219,0,0,0,4,1,3,3,0,1,67,71,0,0,0,45,6,39,13.44,37.89,0,0,35,10,0,2,0,2,4,1,1,59,36.11
1223,3,1,1,13329,3474,9855,9657,80,5415,0,0,21,4242,79,5415,1,21249,80,92,59,48,3271,9,859,19,866,1,165,21,727,2,202,0,0,1,45,0,3522,41,41,7,5,7,6,7,9,1063,556,507,155,67,88,129,77,52,187,103,84,176,89,87,189,94,95,227,126,101,0,0,242,242,242,0,0,0,4,4,0,1,0,0,63,67,1,1,0,54,13,41,15.89,40.74,0,0,40,14,0,2,1,1,6,1,1,61,41.01
1225,3,1,1,10481,1718,8763,7944,76,4939,0,0,19,3005,40,2676,1,18792,40,73,78,36,2668,9,782,20,561,6,592,24,762,0,0,0,0,0,0,0,2579,33,32,4,6,5,5,5,7,895,464,431,110,53,57,143,77,66,141,75,66,152,76,76,147,75,72,202,108,94,4,0,225,225,225,0,0,0,4,4,0,0,0,0,81,80,1,0,2,44,6,38,14.21,38.45,0,0,36,8,0,1,0,1,4,1,1,55,36.01
1226,3,1,1,10719,4423,6296,9072,68,6354,0,0,18,2718,58,5779,1,17971,42,89,40,41,2790,10,764,12,548,1,196,17,462,2,1972,0,0,3,99,0,2241,24,25,3,3,4,5,4,6,664,346,318,77,31,46,74,45,29,108,51,57,134,78,56,116,62,54,155,79,76,14,0,171,171,171,0,0,0,2,1,1,1,0,0,51,64,0,0,1,42,6,36,14.02,39.33,0,0,37,5,0,2,0,2,4,1,2,60,39
1227,3,1,1,11056,8282,2727,11104,107,6117,0,0,0,4987,72,4975,1,20738,55,89,101,52,3630,5,330,16,652,2,449,31,858,1,198,0,0,0,0,0,4987,46,46,8,8,7,8,7,8,1361,682,679,241,124,117,217,102,115,207,111,96,240,119,121,220,111,109,236,115,121,0,0,231,231,231,0,0,0,6,2,4,11,0,0,106,73,0,0,0,64,9,55,16.9,41.58,0,0,48,16,0,1,0,1,5,1,1,58,36.04
1229,3,1,1,16650,9712,6938,8278,85,5893,0,0,4,2385,38,4551,1,20218,58,47,57,28,2008,16,1301,21,937,2,255,19,748,2,654,0,0,1,241,0,2134,22,24,4,4,3,4,3,6,630,347,283,118,65,53,113,64,49,84,43,41,98,50,48,85,44,41,132,81,51,13,0,131,131,131,0,0,0,3,1,2,0,0,0,60,44,0,1,1,36,5,31,13.19,39.36,0,0,29,6,1,0,0,0,4,1,1,58,34
1230,3,1,1,13511,4924,8587,13511,129,9635,0,0,2,3876,117,10221,1,23893,200,111,76,67,4624,19,1625,24,1738,0,0,17,1020,2,1040,0,0,2,128,0,3336,47,47,7,7,7,7,8,11,1056,539,517,168,83,85,165,84,81,170,92,78,171,80,91,188,96,92,194,104,90,26,5,241,241,241,0,0,0,1,1,0,1,0,0,85,50,1,0,0,65,7,58,16.83,42.66,0,0,52,13,0,1,0,1,5,1,1,56,33
1231,3,1,1,11500,6908,4592,9093,0,0,102,6485,0,2608,102,5172,1,16356,58,82,45,40,3441,14,1134,19,1115,1,324,28,608,0,0,0,0,0,0,0,2471,36,36,7,5,6,6,5,7,981,506,475,157,80,77,148,68,80,172,91,81,162,87,75,152,84,68,190,96,94,0,0,217,217,212,5,0,0,42,19,23,42,0,0,60,72,16,5,10,54,4,50,15.99,41.26,0,0,40,14,0,2,0,2,5,1,1,60,39
1232,3,1,1,35242,8048,950,10758,87,10263,0,0,15,495,102,10758,1,21860,88,79,71,57,4078,9,908,17,924,2,341,16,528,1,2232,0,0,0,0,0,1747,52,45,6,7,8,6,8,10,1268,661,607,185,98,87,193,95,98,212,112,100,177,96,81,235,121,114,266,139,127,35,0,318,318,318,0,0,0,0,0,0,4,0,0,98,103,0,0,0,62,13,49,16.25,41.32,0,1,48,13,0,2,1,1,7,1,1,60,38.06
1233,3,1,1,12557,8981,3576,8980,92,5878,0,0,1,3102,58,4910,1,16370,90,42,53,45,3586,5,383,7,300,2,878,34,731,0,0,0,0,0,0,0,3102,41,41,6,6,6,7,7,9,1083,544,539,156,88,68,159,89,70,182,83,99,192,99,93,193,95,98,201,90,111,6,0,239,239,239,0,0,0,6,3,3,8,0,0,83,56,2,0,3,60,7,53,18.07,42.67,0,0,50,10,0,2,0,2,5,1,1,61,41.07
1234,3,1,1,11960,2911,3408,10549,3,203,91,6341,9,4005,91,6341,1,17017,56,85,39,37,2884,7,811,23,913,2,854,31,898,2,768,0,0,1,3421,0,0,31,23,4,3,3,4,4,5,624,326,298,103,51,52,88,49,39,90,44,46,122,70,52,105,51,54,116,61,55,4,0,147,147,147,0,0,0,4,0,4,7,0,0,64,29,0,0,4,35,4,31,13.12,38.54,0,0,28,6,1,1,0,1,4,1,1,54,30
1235,3,1,1,56851,2612,19988,12858,129,9473,0,0,2,3385,102,7975,1,17684,162,82,84,34,3027,26,1653,15,813,2,834,29,648,2,1105,0,0,23,1526,0,3252,31,27,3,3,4,4,4,9,643,367,276,93,58,35,73,35,38,113,63,50,116,63,53,110,67,43,138,81,57,6,3,165,165,165,0,0,0,3,3,0,4,0,0,51,53,3,0,0,38,6,32,14.86,39.18,0,0,30,8,0,0,0,0,4,1,2,60,33.01
1236,3,1,1,10894,10894,0,9112,97,5661,0,0,0,3451,96,5529,1,20663,80,84,51,43,3298,8,596,15,631,2,616,29,680,0,0,0,0,0,0,0,3291,40,40,6,6,7,7,7,7,1135,583,552,170,90,80,175,87,88,194,92,102,188,109,79,197,104,93,211,101,110,3,0,230,230,227,3,0,0,10,0,10,8,0,0,68,63,0,2,8,52,10,42,18.94,44.79,0,0,35,17,0,2,0,2,7,1,1,59,35.05
1237,3,1,1,14598,5824,8774,9031,71,5823,0,0,30,3208,67,3838,1,22274,100,98,17,35,2599,12,994,19,824,2,520,20,631,3,513,0,0,10,572,0,2378,26,21,3,3,3,4,4,4,585,306,279,95,56,39,84,42,42,90,47,43,99,48,51,89,47,42,128,66,62,4,0,126,126,126,0,0,0,0,0,0,6,0,0,55,46,0,0,0,30,7,23,15.14,39.8,0,0,24,6,0,0,0,0,4,1,1,59,39.01
1238,3,1,1,15516,9332,6184,10799,17,2390,82,4787,1,3622,82,4787,1,15047,55,77,47,38,2792,13,1090,19,784,2,561,25,593,2,876,0,0,1,4,0,4099,34,34,4,6,5,6,6,7,883,470,413,121,58,63,136,73,63,153,79,74,150,78,72,133,73,60,190,109,81,10,0,185,185,185,0,0,0,6,2,4,0,0,0,39,37,0,4,0,48,14,34,11.92,36.56,0,0,32,16,0,2,0,2,3,1,1,57,35.11
1239,4,1,1,35023,13041,7304,5737,60,3798,0,0,9,1939,53,3564,1,22633,36,44,41,33,2210,4,454,9,333,1,325,15,318,2,525,1,34,4,140,0,1398,25,24,4,3,5,4,3,5,581,329,252,108,62,46,73,39,34,102,50,52,93,48,45,93,50,43,112,80,32,26,1,119,119,119,0,0,0,3,1,2,2,0,0,27,68,1,2,0,38,11,27,15.94,40.5,1,0,25,12,0,3,1,2,6,1,1,59,37.03
1241,4,1,1,135587,8122,12063,6845,45,5130,0,0,16,1715,39,4715,1,19451,80,27,17,28,2179,4,352,10,525,1,1141,16,622,1,649,0,0,1,84,0,1293,18,18,3,2,3,3,4,3,331,171,160,52,25,27,50,30,20,56,26,30,57,24,33,68,39,29,48,27,21,6,6,61,61,61,0,0,0,0,0,0,1,0,0,38,14,0,0,0,29,14,15,13.48,36.97,0,0,21,7,1,0,0,0,5,1,2,55,35
1242,4,1,1,11274,1782,7678,2613,26,1988,0,0,5,625,14,1522,1,7707,40,109,24,9,911,5,555,3,88,2,231,9,244,0,0,1,55,2,65,0,464,6,6,1,1,1,1,1,1,126,68,58,22,9,13,17,9,8,26,17,9,24,14,10,20,12,8,17,7,10,1,0,20,20,20,0,0,0,3,1,2,0,0,0,18,7,2,0,0,9,4,5,26.35,48,0,0,1,8,0,0,0,0,4,1,1,58,37
1243,4,1,1,32172,17278,8723,8935,85,5900,0,0,1,3035,72,5882,1,18637,72,132,68,41,2992,14,952,11,714,1,208,17,1156,1,934,0,0,0,0,1,1979,33,30,5,4,5,5,5,6,727,387,340,92,49,43,101,51,50,122,63,59,112,67,45,144,82,62,156,75,81,12,0,180,180,180,0,0,0,5,3,2,3,0,0,57,48,3,2,0,45,12,33,16.93,41.11,0,1,24,19,1,1,0,1,7,1,1,60,36.02
1244,4,1,1,9567,3817,5750,7708,65,5587,0,0,18,2121,71,5664,1,22178,62,78,39,47,4210,3,225,13,787,1,232,17,971,0,0,2,78,0,0,0,1205,35,28,3,3,4,5,6,7,775,411,364,88,41,47,91,50,41,115,71,44,147,77,70,144,75,69,190,97,93,16,0,215,215,215,0,0,0,1,1,0,1,0,0,58,59,1,0,0,38,12,26,11.62,36.37,0,0,31,7,0,0,0,0,4,1,1,61,36.04
1245,4,1,1,18338,17468,870,11699,130,8905,0,0,0,2794,119,7795,1,24146,79,70,25,54,3952,16,1195,14,833,2,442,27,823,14,935,0,0,3,229,0,3290,52,46,7,7,7,8,8,9,1315,702,613,201,115,86,199,102,97,194,100,94,218,118,100,253,136,117,250,131,119,0,0,339,339,339,0,0,0,14,0,14,3,0,0,90,67,0,1,13,64,16,48,14.44,38.72,0,0,45,19,0,0,0,0,6,1,1,50,28.1
1246,4,1,1,23000,8500,3000,11358,0,0,101,7890,0,3468,82,6824,1,19983,100,82,33,40,3169,8,820,27,1657,2,561,22,1111,1,538,0,0,1,34,0,3468,18,18,4,2,3,3,3,3,429,225,204,68,23,45,54,33,21,78,49,29,67,36,31,77,37,40,85,47,38,0,0,123,123,123,0,0,0,10,8,2,1,0,0,52,22,3,0,0,26,13,13,13.51,36.85,0,0,19,7,0,2,1,1,4,1,1,59,37.06
1247,4,1,2,7816,3656,4160,3727,47,2722,0,0,8,1005,47,2722,1,12778,32,30,11,18,1199,16,842,6,209,2,392,7,190,0,0,0,0,6,72,0,823,16,16,3,3,3,2,2,3,408,215,193,90,45,45,87,44,43,73,39,34,61,33,28,46,22,24,51,32,19,3,0,45,44,44,0,1,0,5,2,3,1,0,0,52,29,2,2,1,21,7,14,12.1,39.62,0,0,20,1,0,14,4,10,3,1,1,57,33.02
1248,3,2,1,4852,2317,2368,12617,73,5575,13,1811,13,5231,85,7354,1,9241,36,38,11,45,3479,15,1418,24,987,3,743,1,69,1,780,0,0,4,250,6,4891,42,7,2,1,1,1,1,1,134,68,66,30,11,19,24,13,11,18,13,5,23,10,13,24,12,12,15,9,6,0,0,12,12,12,0,0,0,0,0,0,0,0,0,12,78,0,0,0,10,4,6,17.15,42.5,0,0,5,5,0,0,0,0,3,1,2,59,32.08
1249,4,2,1,14897,1784,8452,2204,18,1521,0,0,10,683,17,1458,1,9188,50,21,12,8,770,2,184,4,146,2,168,7,128,1,218,1,63,3,108,0,419,6,6,1,1,1,1,1,1,52,29,23,9,3,6,8,6,2,10,7,3,10,7,3,7,3,4,8,3,5,0,0,7,7,7,0,0,0,0,0,0,0,0,0,4,12,0,0,0,10,6,4,16.64,39.6,0,0,4,5,1,0,0,0,2,1,1,59,35.11
1250,4,2,1,13089,1241,8830,1954,22,1375,0,0,9,579,17,1243,1,13771,24,19,10,9,710,3,325,5,178,2,87,7,96,0,0,0,0,4,141,1,417,6,6,1,1,1,1,1,1,47,26,21,6,5,1,6,5,1,6,1,5,8,4,4,12,6,6,9,5,4,2,0,11,11,11,0,0,0,0,0,0,0,0,0,2,7,0,0,0,10,6,4,14.41,38.4,0,0,4,6,0,0,0,0,2,1,1,59,39
1251,4,2,1,12489,8289,4200,1688,24,1636,0,0,1,52,20,1542,1,7253,40,22,14,10,991,2,170,5,257,0,0,5,146,0,0,1,54,2,70,0,0,7,6,1,1,1,1,1,1,70,38,32,12,8,4,14,6,8,13,6,7,14,7,7,11,7,4,6,4,2,0,0,9,9,9,0,0,0,0,0,0,0,0,0,2,5,0,0,0,10,5,5,15.34,38,0,0,7,3,0,1,0,1,1,1,2,57,36.09
1252,3,1,1,16421,9426,6995,9487,114,7107,0,0,1,2380,94,6467,1,36685,60,140,87,53,3627,10,958,27,1149,1,229,21,706,1,195,1,243,1,33,0,2347,52,47,8,7,7,7,8,10,1266,682,584,188,104,84,186,113,73,206,105,101,208,110,98,228,118,110,250,132,118,38,1,295,295,295,0,0,0,3,3,0,2,0,0,111,79,0,0,0,62,18,44,17.25,41.77,0,0,45,17,0,1,1,0,6,1,1,53,33.01
